ticker,cik,company,start,end,filed,accn,period_days,cfo,net_income,income_tag,assets,cfo_assets,log_assets,accruals_assets,filing_url
BBY,764478,"Best Buy Co., Inc.",2009-03-01,2010-02-27,2010-04-28,0001047469-10-004349,364,2206000000.0,1394000000.0,ProfitLoss,18302000000.0,0.12053327505190689,23.630276180439598,-0.04436673587586056,https://www.sec.gov/Archives/edgar/data/764478/000104746910004349/0001047469-10-004349-index.html
BBY,764478,"Best Buy Co., Inc.",2010-02-28,2011-02-26,2011-04-25,0001047469-11-004045,364,1190000000.0,1366000000.0,ProfitLoss,17849000000.0,0.06667040170317665,23.605213321193784,0.009860496386352176,https://www.sec.gov/Archives/edgar/data/764478/000104746911004045/0001047469-11-004045-index.html
BBY,764478,"Best Buy Co., Inc.",2011-02-27,2012-03-03,2012-05-01,0000764478-12-000035,371,3293000000.0,22000000.0,ProfitLoss,16005000000.0,0.20574820368634802,23.496167010368236,-0.20437363323961263,https://www.sec.gov/Archives/edgar/data/764478/000076447812000035/0000764478-12-000035-index.html
BBY,764478,"Best Buy Co., Inc.",2013-02-03,2014-02-01,2014-03-28,0000764478-14-000011,364,1094000000.0,523000000.0,ProfitLoss,14013000000.0,0.07807036323413973,23.36325130713449,-0.04074787697138371,https://www.sec.gov/Archives/edgar/data/764478/000076447814000011/0000764478-14-000011-index.html
BBY,764478,"Best Buy Co., Inc.",2014-02-02,2015-01-31,2015-03-31,0000764478-15-000014,364,1935000000.0,1235000000.0,ProfitLoss,15256000000.0,0.12683534347142109,23.448238705244528,-0.04588358678552701,https://www.sec.gov/Archives/edgar/data/764478/000076447815000014/0000764478-15-000014-index.html
BBY,764478,"Best Buy Co., Inc.",2015-02-01,2016-01-30,2016-03-23,0000764478-16-000064,364,1322000000.0,897000000.0,ProfitLoss,13519000000.0,0.09778829795103187,23.32736194032868,-0.03143723648198831,https://www.sec.gov/Archives/edgar/data/764478/000076447816000064/0000764478-16-000064-index.html
BBY,764478,"Best Buy Co., Inc.",2016-01-31,2017-01-28,2017-03-24,0000764478-17-000008,364,2545000000.0,1228000000.0,ProfitLoss,13856000000.0,0.18367494226327943,23.35198418876649,-0.09504907621247113,https://www.sec.gov/Archives/edgar/data/764478/000076447817000008/0000764478-17-000008-index.html
BBY,764478,"Best Buy Co., Inc.",2017-01-29,2018-02-03,2018-04-02,0000764478-18-000013,371,2141000000.0,1000000000.0,NetIncomeLoss,13049000000.0,0.1640738753927504,23.29197733942652,-0.0874396505479347,https://www.sec.gov/Archives/edgar/data/764478/000076447818000013/0000764478-18-000013-index.html
BBY,764478,"Best Buy Co., Inc.",2018-02-04,2019-02-02,2019-03-28,0000764478-19-000009,364,2408000000.0,1464000000.0,NetIncomeLoss,12901000000.0,0.18665219750406944,23.28057066468941,-0.07317262227734284,https://www.sec.gov/Archives/edgar/data/764478/000076447819000009/0000764478-19-000009-index.html
BBY,764478,"Best Buy Co., Inc.",2019-02-03,2020-02-01,2020-03-23,0000764478-20-000017,364,2565000000.0,1541000000.0,NetIncomeLoss,15591000000.0,0.16451799114873966,23.469959661640825,-0.06567891732409724,https://www.sec.gov/Archives/edgar/data/764478/000076447820000017/0000764478-20-000017-index.html
BBY,764478,"Best Buy Co., Inc.",2020-02-02,2021-01-30,2021-03-19,0000764478-21-000024,364,4927000000.0,1798000000.0,NetIncomeLoss,19067000000.0,0.2584045733466198,23.671224929028718,-0.16410552263072323,https://www.sec.gov/Archives/edgar/data/764478/000076447821000024/0000764478-21-000024-index.html
BBY,764478,"Best Buy Co., Inc.",2021-01-31,2022-01-29,2022-03-18,0000764478-22-000008,364,3252000000.0,2454000000.0,NetIncomeLoss,17504000000.0,0.18578610603290677,23.585695263185983,-0.045589579524680075,https://www.sec.gov/Archives/edgar/data/764478/000076447822000008/0000764478-22-000008-index.html
BBY,764478,"Best Buy Co., Inc.",2022-01-30,2023-01-28,2023-03-17,0000764478-23-000006,364,1824000000.0,1419000000.0,NetIncomeLoss,15803000000.0,0.1154211225716636,23.483465632373377,-0.02562804530785294,https://www.sec.gov/Archives/edgar/data/764478/000076447823000006/0000764478-23-000006-index.html
BBY,764478,"Best Buy Co., Inc.",2023-01-29,2024-02-03,2024-03-15,0000764478-24-000010,371,1470000000.0,1241000000.0,NetIncomeLoss,14967000000.0,0.09821607536580478,23.42911361449342,-0.015300327386917886,https://www.sec.gov/Archives/edgar/data/764478/000076447824000010/0000764478-24-000010-index.html
BBY,764478,"Best Buy Co., Inc.",2024-02-04,2025-02-01,2025-03-19,0000764478-25-000007,364,2098000000.0,927000000.0,NetIncomeLoss,14782000000.0,0.1419293735624408,23.416676061309108,-0.07921796779867406,https://www.sec.gov/Archives/edgar/data/764478/000076447825000007/0000764478-25-000007-index.html
CL,21665,COLGATE-PALMOLIVE COMPANY,2009-01-01,2009-12-31,2010-02-25,0001140361-10-008522,365,3277000000.0,2397000000.0,ProfitLoss,11134000000.0,0.29432369319202445,23.133269326707726,-0.07903718340219149,https://www.sec.gov/Archives/edgar/data/21665/000114036110008522/0001140361-10-008522-index.html
CL,21665,COLGATE-PALMOLIVE COMPANY,2010-01-01,2010-12-31,2011-02-24,0001140361-11-011883,365,3211000000.0,2313000000.0,ProfitLoss,11172000000.0,0.28741496598639454,23.13667648502934,-0.08037952022914428,https://www.sec.gov/Archives/edgar/data/21665/000114036111011883/0001140361-11-011883-index.html
CL,21665,COLGATE-PALMOLIVE COMPANY,2011-01-01,2011-12-31,2012-02-23,0001445305-12-000409,365,2896000000.0,2554000000.0,ProfitLoss,12724000000.0,0.22760138321282616,23.26675581083331,-0.026878340144608614,https://www.sec.gov/Archives/edgar/data/21665/000144530512000409/0001445305-12-000409-index.html
CL,21665,COLGATE-PALMOLIVE COMPANY,2012-01-01,2012-12-31,2013-02-21,0001445305-13-000275,366,3196000000.0,2631000000.0,ProfitLoss,13394000000.0,0.23861430491264746,23.31807268243427,-0.042183067044945496,https://www.sec.gov/Archives/edgar/data/21665/000144530513000275/0001445305-13-000275-index.html
CL,21665,COLGATE-PALMOLIVE COMPANY,2013-01-01,2013-12-31,2014-02-20,0001545547-14-000003,365,3204000000.0,2410000000.0,ProfitLoss,13876000000.0,0.23090227731334678,23.353426566053916,-0.0572211011818968,https://www.sec.gov/Archives/edgar/data/21665/000154554714000003/0001545547-14-000003-index.html
CL,21665,COLGATE-PALMOLIVE COMPANY,2014-01-01,2014-12-31,2015-02-19,0001628280-15-000846,365,3298000000.0,2339000000.0,ProfitLoss,13459000000.0,0.2450404933501746,23.32291386419799,-0.07125343636228545,https://www.sec.gov/Archives/edgar/data/21665/000162828015000846/0001628280-15-000846-index.html
CL,21665,COLGATE-PALMOLIVE COMPANY,2015-01-01,2015-12-31,2016-02-18,0001628280-16-011343,365,2949000000.0,1548000000.0,ProfitLoss,11958000000.0,0.24661314601103865,23.204666347405123,-0.11716006021073758,https://www.sec.gov/Archives/edgar/data/21665/000162828016011343/0001628280-16-011343-index.html
CL,21665,COLGATE-PALMOLIVE COMPANY,2016-01-01,2016-12-31,2017-02-23,0000021665-17-000002,366,3141000000.0,2586000000.0,ProfitLoss,12123000000.0,0.25909428359317,23.218370311710856,-0.045780747339767384,https://www.sec.gov/Archives/edgar/data/21665/000002166517000002/0000021665-17-000002-index.html
CL,21665,COLGATE-PALMOLIVE COMPANY,2017-01-01,2017-12-31,2018-02-15,0000021665-18-000003,365,3054000000.0,2174000000.0,ProfitLoss,12676000000.0,0.24092773745661092,23.262976278775085,-0.06942253076680341,https://www.sec.gov/Archives/edgar/data/21665/000002166518000003/0000021665-18-000003-index.html
CL,21665,COLGATE-PALMOLIVE COMPANY,2018-01-01,2018-12-31,2019-02-21,0000021665-19-000003,365,3056000000.0,2558000000.0,ProfitLoss,12161000000.0,0.25129512375627006,23.221499946945272,-0.04095057972206233,https://www.sec.gov/Archives/edgar/data/21665/000002166519000003/0000021665-19-000003-index.html
CL,21665,COLGATE-PALMOLIVE COMPANY,2019-01-01,2019-12-31,2020-02-21,0000021665-20-000004,365,3133000000.0,2527000000.0,ProfitLoss,15034000000.0,0.20839430623919117,23.43358013970169,-0.04030863376346947,https://www.sec.gov/Archives/edgar/data/21665/000002166520000004/0000021665-20-000004-index.html
CL,21665,COLGATE-PALMOLIVE COMPANY,2020-01-01,2020-12-31,2021-02-18,0000021665-21-000007,366,3719000000.0,2860000000.0,ProfitLoss,15920000000.0,0.23360552763819095,23.49084201736265,-0.05395728643216081,https://www.sec.gov/Archives/edgar/data/21665/000002166521000007/0000021665-21-000007-index.html
CL,21665,COLGATE-PALMOLIVE COMPANY,2021-01-01,2021-12-31,2022-02-17,0000021665-22-000003,365,3325000000.0,2338000000.0,ProfitLoss,15040000000.0,0.22107712765957446,23.433979155468105,-0.065625,https://www.sec.gov/Archives/edgar/data/21665/000002166522000003/0000021665-22-000003-index.html
CL,21665,COLGATE-PALMOLIVE COMPANY,2022-01-01,2022-12-31,2023-02-16,0000021665-23-000007,365,2556000000.0,1967000000.0,ProfitLoss,15731000000.0,0.16248172398448923,23.47889912478678,-0.03744199351598754,https://www.sec.gov/Archives/edgar/data/21665/000002166523000007/0000021665-23-000007-index.html
CL,21665,COLGATE-PALMOLIVE COMPANY,2023-01-01,2023-12-31,2024-02-15,0000021665-24-000003,365,3745000000.0,2455000000.0,ProfitLoss,16393000000.0,0.2284511681815409,23.52012025139073,-0.07869212468736655,https://www.sec.gov/Archives/edgar/data/21665/000002166524000003/0000021665-24-000003-index.html
CL,21665,COLGATE-PALMOLIVE COMPANY,2024-01-01,2024-12-31,2025-02-13,0000021665-25-000008,366,4107000000.0,3049000000.0,ProfitLoss,16046000000.0,0.2559516390377664,23.498725434277876,-0.06593543562258507,https://www.sec.gov/Archives/edgar/data/21665/000002166525000008/0000021665-25-000008-index.html
COST,909832,COSTCO WHOLESALE CORP /NEW,2009-08-31,2010-08-29,2010-10-18,0001193125-10-230379,364,2780000000.0,1323000000.0,ProfitLoss,23815000000.0,0.11673315137518371,23.893581471199234,-0.061179928616418223,https://www.sec.gov/Archives/edgar/data/909832/000119312510230379/0001193125-10-230379-index.html
COST,909832,COSTCO WHOLESALE CORP /NEW,2010-08-30,2011-08-28,2011-10-14,0001193125-11-271844,364,3198000000.0,1542000000.0,ProfitLoss,26761000000.0,0.11950226075258773,24.010211440716,-0.06188109562422929,https://www.sec.gov/Archives/edgar/data/909832/000119312511271844/0001193125-11-271844-index.html
COST,909832,COSTCO WHOLESALE CORP /NEW,2011-08-29,2012-09-02,2012-10-19,0001193125-12-428890,371,3057000000.0,1767000000.0,ProfitLoss,27140000000.0,0.11263817243920413,24.024274491353133,-0.0475313190862196,https://www.sec.gov/Archives/edgar/data/909832/000119312512428890/0001193125-12-428890-index.html
COST,909832,COSTCO WHOLESALE CORP /NEW,2012-09-03,2013-09-01,2013-10-16,0001445305-13-002422,364,3437000000.0,2061000000.0,ProfitLoss,30283000000.0,0.11349602086979493,24.133852335905253,-0.04543803454083149,https://www.sec.gov/Archives/edgar/data/909832/000144530513002422/0001445305-13-002422-index.html
COST,909832,COSTCO WHOLESALE CORP /NEW,2013-09-02,2014-08-31,2014-10-15,0000909832-14-000021,364,3984000000.0,2088000000.0,ProfitLoss,33024000000.0,0.12063953488372094,24.22050040680551,-0.057412790697674417,https://www.sec.gov/Archives/edgar/data/909832/000090983214000021/0000909832-14-000021-index.html
COST,909832,COSTCO WHOLESALE CORP /NEW,2018-09-03,2019-09-01,2019-10-11,0000909832-19-000019,364,6356000000.0,3704000000.0,ProfitLoss,45400000000.0,0.14,24.538777941993715,-0.05841409691629956,https://www.sec.gov/Archives/edgar/data/909832/000090983219000019/0000909832-19-000019-index.html
COST,909832,COSTCO WHOLESALE CORP /NEW,2019-09-02,2020-08-30,2020-10-07,0000909832-20-000017,364,8861000000.0,4059000000.0,ProfitLoss,55556000000.0,0.1594967240262078,24.740657358000384,-0.08643530851753185,https://www.sec.gov/Archives/edgar/data/909832/000090983220000017/0000909832-20-000017-index.html
COST,909832,COSTCO WHOLESALE CORP /NEW,2020-08-31,2021-08-29,2021-10-06,0000909832-21-000014,364,8958000000.0,5079000000.0,ProfitLoss,59268000000.0,0.1511439562664507,24.805335368292898,-0.06544847135047581,https://www.sec.gov/Archives/edgar/data/909832/000090983221000014/0000909832-21-000014-index.html
COST,909832,COSTCO WHOLESALE CORP /NEW,2021-08-30,2022-08-28,2022-10-05,0000909832-22-000021,364,7392000000.0,5915000000.0,ProfitLoss,64166000000.0,0.11520119689555217,24.88473931234178,-0.023018420970607488,https://www.sec.gov/Archives/edgar/data/909832/000090983222000021/0000909832-22-000021-index.html
COST,909832,COSTCO WHOLESALE CORP /NEW,2022-08-29,2023-09-03,2023-10-11,0000909832-23-000042,371,11068000000.0,6292000000.0,ProfitLoss,68994000000.0,0.16041974664463576,24.957285381240993,-0.06922341073136795,https://www.sec.gov/Archives/edgar/data/909832/000090983223000042/0000909832-23-000042-index.html
COST,909832,COSTCO WHOLESALE CORP /NEW,2023-09-04,2024-09-01,2024-10-09,0000909832-24-000049,364,11339000000.0,7367000000.0,ProfitLoss,69831000000.0,0.16237774054503015,24.969343874194443,-0.05688018215405766,https://www.sec.gov/Archives/edgar/data/909832/000090983224000049/0000909832-24-000049-index.html
COST,909832,COSTCO WHOLESALE CORP /NEW,2024-09-02,2025-08-31,2025-10-08,0000909832-25-000101,364,13335000000.0,8099000000.0,ProfitLoss,77099000000.0,0.17295944175670241,25.068356147262968,-0.06791268369239549,https://www.sec.gov/Archives/edgar/data/909832/000090983225000101/0000909832-25-000101-index.html
DG,29534,DOLLAR GENERAL CORP,2017-02-04,2018-02-02,2018-03-23,0001558370-18-002366,364,1802108000.0,1538960000.0,ProfitLoss,12516911000.0,0.14397386064341275,23.25034644693707,-0.02102339786549573,https://www.sec.gov/Archives/edgar/data/29534/000155837018002366/0001558370-18-002366-index.html
DG,29534,DOLLAR GENERAL CORP,2018-02-03,2019-02-01,2019-03-22,0001558370-19-002383,364,2143550000.0,1589472000.0,ProfitLoss,13204038000.0,0.16234049008341236,23.303788528849,-0.04196276926800726,https://www.sec.gov/Archives/edgar/data/29534/000155837019002383/0001558370-19-002383-index.html
DG,29534,DOLLAR GENERAL CORP,2019-02-02,2020-01-31,2020-03-19,0001558370-20-002915,364,2237998000.0,1712555000.0,ProfitLoss,22825084000.0,0.09804993488742474,23.851125943595918,-0.023020419114339295,https://www.sec.gov/Archives/edgar/data/29534/000155837020002915/0001558370-20-002915-index.html
DG,29534,DOLLAR GENERAL CORP,2020-02-01,2021-01-29,2021-03-19,0001558370-21-003245,364,3876159000.0,2655050000.0,ProfitLoss,25862624000.0,0.1498749314841371,23.976064674593335,-0.04721520136549176,https://www.sec.gov/Archives/edgar/data/29534/000155837021003245/0001558370-21-003245-index.html
DG,29534,DOLLAR GENERAL CORP,2021-01-30,2022-01-28,2022-03-18,0001558370-22-003921,364,2865811000.0,2399232000.0,ProfitLoss,26327371000.0,0.10885291205111212,23.99387495738744,-0.01772220249412674,https://www.sec.gov/Archives/edgar/data/29534/000155837022003921/0001558370-22-003921-index.html
DG,29534,DOLLAR GENERAL CORP,2022-01-29,2023-02-03,2023-03-24,0001558370-23-004574,371,1984555000.0,2415989000.0,ProfitLoss,29083367000.0,0.0682367691471211,24.09343226695329,0.014834389704603322,https://www.sec.gov/Archives/edgar/data/29534/000155837023004574/0001558370-23-004574-index.html
DG,29534,DOLLAR GENERAL CORP,2023-02-04,2024-02-02,2024-03-25,0001558370-24-003813,364,2391798000.0,1661274000.0,ProfitLoss,30795591000.0,0.07766689718667845,24.150637367328443,-0.02372170743532735,https://www.sec.gov/Archives/edgar/data/29534/000155837024003813/0001558370-24-003813-index.html
DG,29534,DOLLAR GENERAL CORP,2024-02-03,2025-01-31,2025-03-21,0001558370-25-003413,364,2996064000.0,1125253000.0,ProfitLoss,31132733000.0,0.09623517472751268,24.16152561067194,-0.06009144780190034,https://www.sec.gov/Archives/edgar/data/29534/000155837025003413/0001558370-25-003413-index.html
DLTR,935703,"DOLLAR TREE, INC.",2010-01-31,2011-01-29,2011-03-17,0000935703-11-000014,364,518700000.0,397300000.0,NetIncomeLoss,2380500000.0,0.21789540012602396,21.590576386598848,-0.05099768956101659,https://www.sec.gov/Archives/edgar/data/935703/000093570311000014/0000935703-11-000014-index.html
DLTR,935703,"DOLLAR TREE, INC.",2012-01-29,2013-02-02,2013-03-15,0000935703-13-000014,371,677700000.0,619300000.0,NetIncomeLoss,2752000000.0,0.24625726744186047,21.735593757017508,-0.02122093023255814,https://www.sec.gov/Archives/edgar/data/935703/000093570313000014/0000935703-13-000014-index.html
DLTR,935703,"DOLLAR TREE, INC.",2013-02-03,2014-02-01,2014-03-14,0000935703-14-000008,364,793400000.0,596700000.0,NetIncomeLoss,2771900000.0,0.28622966196471733,21.742798842587273,-0.07096215592193081,https://www.sec.gov/Archives/edgar/data/935703/000093570314000008/0000935703-14-000008-index.html
DLTR,935703,"DOLLAR TREE, INC.",2014-02-02,2015-01-31,2015-03-13,0000935703-15-000034,364,926800000.0,599200000.0,NetIncomeLoss,3567000000.0,0.25982618446874123,21.994990743323164,-0.09184188393608074,https://www.sec.gov/Archives/edgar/data/935703/000093570315000034/0000935703-15-000034-index.html
DLTR,935703,"DOLLAR TREE, INC.",2015-02-01,2016-01-30,2016-03-28,0000935703-16-000127,364,780900000.0,282400000.0,NetIncomeLoss,15901200000.0,0.04910950116972304,23.489660415022865,-0.03134983523256107,https://www.sec.gov/Archives/edgar/data/935703/000093570316000127/0000935703-16-000127-index.html
DLTR,935703,"DOLLAR TREE, INC.",2016-01-31,2017-01-28,2017-03-28,0000935703-17-000011,364,1673300000.0,896200000.0,NetIncomeLoss,15701600000.0,0.10656875732409436,23.477028454936143,-0.0494917715392062,https://www.sec.gov/Archives/edgar/data/935703/000093570317000011/0000935703-17-000011-index.html
DLTR,935703,"DOLLAR TREE, INC.",2017-01-29,2018-02-03,2018-03-16,0000935703-18-000013,371,1510200000.0,1714300000.0,NetIncomeLoss,16332800000.0,0.09246424373040753,23.51644119279458,0.012496326410658308,https://www.sec.gov/Archives/edgar/data/935703/000093570318000013/0000935703-18-000013-index.html
DLTR,935703,"DOLLAR TREE, INC.",2018-02-04,2019-02-02,2019-03-27,0000935703-19-000024,364,1766000000.0,-1590800000.0,NetIncomeLoss,13501200000.0,0.1308031878647824,23.326044407329302,-0.24862975142950255,https://www.sec.gov/Archives/edgar/data/935703/000093570319000024/0000935703-19-000024-index.html
DLTR,935703,"DOLLAR TREE, INC.",2019-02-03,2020-02-01,2020-03-20,0000935703-20-000006,364,1869800000.0,827000000.0,NetIncomeLoss,19574600000.0,0.0955217475708316,23.697498644387167,-0.05327311924637029,https://www.sec.gov/Archives/edgar/data/935703/000093570320000006/0000935703-20-000006-index.html
DLTR,935703,"DOLLAR TREE, INC.",2020-02-02,2021-01-30,2021-03-16,0000935703-21-000014,364,2716300000.0,1341900000.0,NetIncomeLoss,20696000000.0,0.13124758407421724,23.75320628183014,-0.0664089679165056,https://www.sec.gov/Archives/edgar/data/935703/000093570321000014/0000935703-21-000014-index.html
DLTR,935703,"DOLLAR TREE, INC.",2021-01-31,2022-01-29,2022-03-15,0000935703-22-000020,364,1431500000.0,1327900000.0,NetIncomeLoss,21721800000.0,0.06590153670506127,23.80158220150655,-0.004769402167407857,https://www.sec.gov/Archives/edgar/data/935703/000093570322000020/0000935703-22-000020-index.html
DLTR,935703,"DOLLAR TREE, INC.",2022-01-30,2023-01-28,2023-03-10,0000935703-23-000016,364,1614800000.0,1615400000.0,NetIncomeLoss,23022100000.0,0.07014129901268781,23.85972046110112,2.6061914421360345e-05,https://www.sec.gov/Archives/edgar/data/935703/000093570323000016/0000935703-23-000016-index.html
DLTR,935703,"DOLLAR TREE, INC.",2023-01-29,2024-02-03,2024-03-20,0000935703-24-000011,371,2684500000.0,-998400000.0,NetIncomeLoss,22023500000.0,0.12189252389493041,23.815375902022655,-0.16722591776965515,https://www.sec.gov/Archives/edgar/data/935703/000093570324000011/0000935703-24-000011-index.html
HD,354950,"The Home Depot, Inc.",2009-02-02,2010-01-31,2010-03-25,0001193125-10-067178,364,5125000000.0,2661000000.0,NetIncomeLoss,40877000000.0,0.12537612838515547,24.43383339463042,-0.06027839616410206,https://www.sec.gov/Archives/edgar/data/354950/000119312510067178/0001193125-10-067178-index.html
HD,354950,"The Home Depot, Inc.",2010-02-01,2011-01-30,2011-03-24,0001193125-11-076501,364,4585000000.0,3338000000.0,NetIncomeLoss,40125000000.0,0.11426791277258568,24.41526541839659,-0.031077881619937693,https://www.sec.gov/Archives/edgar/data/354950/000119312511076501/0001193125-11-076501-index.html
HD,354950,"The Home Depot, Inc.",2012-01-30,2013-02-03,2013-03-28,0000354950-13-000008,371,6975000000.0,4535000000.0,NetIncomeLoss,41084000000.0,0.16977412131243305,24.43888458824997,-0.059390516989582316,https://www.sec.gov/Archives/edgar/data/354950/000035495013000008/0000354950-13-000008-index.html
HD,354950,"The Home Depot, Inc.",2013-02-04,2014-02-02,2014-03-27,0000354950-14-000008,364,7628000000.0,5385000000.0,NetIncomeLoss,40518000000.0,0.18826200700923046,24.42501215676717,-0.055358112443852116,https://www.sec.gov/Archives/edgar/data/354950/000035495014000008/0000354950-14-000008-index.html
HD,354950,"The Home Depot, Inc.",2014-02-03,2015-02-01,2015-03-26,0000354950-15-000008,364,8242000000.0,6345000000.0,NetIncomeLoss,39946000000.0,0.2063285435337706,24.41079437898939,-0.04748911029890352,https://www.sec.gov/Archives/edgar/data/354950/000035495015000008/0000354950-15-000008-index.html
HD,354950,"The Home Depot, Inc.",2015-02-02,2016-01-31,2016-03-24,0000354950-16-000060,364,9373000000.0,7009000000.0,NetIncomeLoss,42549000000.0,0.22028719828903148,24.47392218992699,-0.05555947260805189,https://www.sec.gov/Archives/edgar/data/354950/000035495016000060/0000354950-16-000060-index.html
HD,354950,"The Home Depot, Inc.",2016-02-01,2017-01-29,2017-03-23,0000354950-17-000005,364,9783000000.0,7957000000.0,NetIncomeLoss,42966000000.0,0.22769166317553413,24.48367494219927,-0.04249871991807476,https://www.sec.gov/Archives/edgar/data/354950/000035495017000005/0000354950-17-000005-index.html
HD,354950,"The Home Depot, Inc.",2017-01-30,2018-01-28,2018-03-22,0000354950-18-000019,364,12031000000.0,8630000000.0,NetIncomeLoss,44529000000.0,0.2701834759370298,24.519406499257148,-0.07637719239147522,https://www.sec.gov/Archives/edgar/data/354950/000035495018000019/0000354950-18-000019-index.html
HD,354950,"The Home Depot, Inc.",2018-01-29,2019-02-03,2019-03-28,0000354950-19-000010,371,13038000000.0,11121000000.0,NetIncomeLoss,44003000000.0,0.2962979796832034,24.50752365035858,-0.0435652114628548,https://www.sec.gov/Archives/edgar/data/354950/000035495019000010/0000354950-19-000010-index.html
HD,354950,"The Home Depot, Inc.",2019-02-04,2020-02-02,2020-03-25,0000354950-20-000015,364,13723000000.0,11242000000.0,NetIncomeLoss,51236000000.0,0.26783901943945665,24.6597082469153,-0.04842298383948786,https://www.sec.gov/Archives/edgar/data/354950/000035495020000015/0000354950-20-000015-index.html
HD,354950,"The Home Depot, Inc.",2020-02-03,2021-01-31,2021-03-24,0000354950-21-000089,364,18839000000.0,12866000000.0,NetIncomeLoss,70581000000.0,0.2669131919355067,24.980026823412803,-0.08462617418285374,https://www.sec.gov/Archives/edgar/data/354950/000035495021000089/0000354950-21-000089-index.html
HD,354950,"The Home Depot, Inc.",2021-02-01,2022-01-30,2022-03-23,0000354950-22-000070,364,16571000000.0,16433000000.0,NetIncomeLoss,71876000000.0,0.23054983582837107,24.99820824901062,-0.0019199732873281764,https://www.sec.gov/Archives/edgar/data/354950/000035495022000070/0000354950-22-000070-index.html
HD,354950,"The Home Depot, Inc.",2022-01-31,2023-01-29,2023-03-15,0000354950-23-000059,364,14615000000.0,17105000000.0,NetIncomeLoss,76445000000.0,0.1911832036104389,25.059837364958987,0.03257243770030741,https://www.sec.gov/Archives/edgar/data/354950/000035495023000059/0000354950-23-000059-index.html
HD,354950,"The Home Depot, Inc.",2023-01-30,2024-01-28,2024-03-13,0000354950-24-000062,364,21172000000.0,15143000000.0,NetIncomeLoss,76530000000.0,0.2766496798641056,25.06094865776824,-0.07877956356984189,https://www.sec.gov/Archives/edgar/data/354950/000035495024000062/0000354950-24-000062-index.html
HD,354950,"The Home Depot, Inc.",2024-01-29,2025-02-02,2025-03-21,0000354950-25-000085,371,19810000000.0,14806000000.0,NetIncomeLoss,96119000000.0,0.2060986901653159,25.28885284409847,-0.05206046671313684,https://www.sec.gov/Archives/edgar/data/354950/000035495025000085/0000354950-25-000085-index.html
KMB,55785,KIMBERLY-CLARK CORPORATION,2009-01-01,2009-12-31,2010-02-24,0001193125-10-038621,365,3481000000.0,1994000000.0,ProfitLoss,19209000000.0,0.18121713779998957,23.678644756151186,-0.07741162996512052,https://www.sec.gov/Archives/edgar/data/55785/000119312510038621/0001193125-10-038621-index.html
KMB,55785,KIMBERLY-CLARK CORPORATION,2010-01-01,2010-12-31,2011-02-23,0001193125-11-043300,365,2744000000.0,1943000000.0,ProfitLoss,19864000000.0,0.13813934756343133,23.712174885152276,-0.0403242045912203,https://www.sec.gov/Archives/edgar/data/55785/000119312511043300/0001193125-11-043300-index.html
KMB,55785,KIMBERLY-CLARK CORPORATION,2011-01-01,2011-12-31,2012-02-29,0000055785-12-000021,365,2288000000.0,1684000000.0,ProfitLoss,19373000000.0,0.11810251380787694,23.68714618105122,-0.031177411861869612,https://www.sec.gov/Archives/edgar/data/55785/000005578512000021/0000055785-12-000021-index.html
KMB,55785,KIMBERLY-CLARK CORPORATION,2012-01-01,2012-12-31,2013-02-22,0000055785-13-000011,366,3288000000.0,1828000000.0,ProfitLoss,19873000000.0,0.16545061138227746,23.712627863492557,-0.07346651235344437,https://www.sec.gov/Archives/edgar/data/55785/000005578513000011/0000055785-13-000011-index.html
KMB,55785,KIMBERLY-CLARK CORPORATION,2017-01-01,2017-12-31,2018-02-08,0000055785-18-000014,365,2929000000.0,2319000000.0,ProfitLoss,15151000000.0,0.19332057289947857,23.44133237332411,-0.040261368886542144,https://www.sec.gov/Archives/edgar/data/55785/000005578518000014/0000055785-18-000014-index.html
KMB,55785,KIMBERLY-CLARK CORPORATION,2018-01-01,2018-12-31,2019-02-07,0000055785-19-000013,365,2970000000.0,1445000000.0,ProfitLoss,14518000000.0,0.20457363273178122,23.398655095809062,-0.10504201680672269,https://www.sec.gov/Archives/edgar/data/55785/000005578519000013/0000055785-19-000013-index.html
KMB,55785,KIMBERLY-CLARK CORPORATION,2019-01-01,2019-12-31,2020-02-13,0000055785-20-000016,365,2736000000.0,2197000000.0,ProfitLoss,15283000000.0,0.17902244323758423,23.45000693649211,-0.035267944775240465,https://www.sec.gov/Archives/edgar/data/55785/000005578520000016/0000055785-20-000016-index.html
KMB,55785,KIMBERLY-CLARK CORPORATION,2020-01-01,2020-12-31,2021-02-11,0000055785-21-000016,366,3729000000.0,2396000000.0,ProfitLoss,17523000000.0,0.2128060263653484,23.586780140672694,-0.07607144895280489,https://www.sec.gov/Archives/edgar/data/55785/000005578521000016/0000055785-21-000016-index.html
KMB,55785,KIMBERLY-CLARK CORPORATION,2021-01-01,2021-12-31,2022-02-10,0000055785-22-000010,365,2730000000.0,1844000000.0,ProfitLoss,17837000000.0,0.1530526433817346,23.604540788522577,-0.04967203004989628,https://www.sec.gov/Archives/edgar/data/55785/000005578522000010/0000055785-22-000010-index.html
KMB,55785,KIMBERLY-CLARK CORPORATION,2022-01-01,2022-12-31,2023-02-09,0000055785-23-000012,365,2733000000.0,1961000000.0,ProfitLoss,17970000000.0,0.15208681135225377,23.611969537741878,-0.042960489705064,https://www.sec.gov/Archives/edgar/data/55785/000005578523000012/0000055785-23-000012-index.html
KMB,55785,KIMBERLY-CLARK CORPORATION,2023-01-01,2023-12-31,2024-02-08,0000055785-24-000018,365,3542000000.0,1764000000.0,ProfitLoss,17344000000.0,0.20422047970479704,23.576512462203645,-0.10251383763837639,https://www.sec.gov/Archives/edgar/data/55785/000005578524000018/0000055785-24-000018-index.html
KMB,55785,KIMBERLY-CLARK CORPORATION,2024-01-01,2024-12-31,2025-02-13,0000055785-25-000013,366,3234000000.0,2578000000.0,ProfitLoss,16546000000.0,0.19545509488698176,23.529410217714403,-0.03964704460292518,https://www.sec.gov/Archives/edgar/data/55785/000005578525000013/0000055785-25-000013-index.html
KO,21344,COCA COLA CO,2009-01-01,2009-12-31,2010-02-26,0001047469-10-001476,365,8186000000.0,6906000000.0,ProfitLoss,48671000000.0,0.1681905035852972,24.608349207118604,-0.026299028168724703,https://www.sec.gov/Archives/edgar/data/21344/000104746910001476/0001047469-10-001476-index.html
KO,21344,COCA COLA CO,2010-01-01,2010-12-31,2011-02-28,0001047469-11-001506,365,9532000000.0,11859000000.0,ProfitLoss,72921000000.0,0.13071680311570055,25.012642500321647,0.031911246417355765,https://www.sec.gov/Archives/edgar/data/21344/000104746911001506/0001047469-11-001506-index.html
KO,21344,COCA COLA CO,2011-01-01,2011-12-31,2012-02-23,0000021344-12-000007,365,9474000000.0,8634000000.0,ProfitLoss,79974000000.0,0.11846350063770726,25.10496741879635,-0.010503413609423062,https://www.sec.gov/Archives/edgar/data/21344/000002134412000007/0000021344-12-000007-index.html
KO,21344,COCA COLA CO,2012-01-01,2012-12-31,2013-02-27,0000021344-13-000007,366,10645000000.0,9086000000.0,ProfitLoss,86174000000.0,0.1235291387193353,25.179634344988422,-0.018091303641469585,https://www.sec.gov/Archives/edgar/data/21344/000002134413000007/0000021344-13-000007-index.html
KO,21344,COCA COLA CO,2013-01-01,2013-12-31,2014-02-27,0000021344-14-000008,365,10542000000.0,8626000000.0,ProfitLoss,90055000000.0,0.11706179556937427,25.22368643173543,-0.021275886957970128,https://www.sec.gov/Archives/edgar/data/21344/000002134414000008/0000021344-14-000008-index.html
KO,21344,COCA COLA CO,2014-01-01,2014-12-31,2015-02-25,0000021344-15-000005,365,10615000000.0,7124000000.0,ProfitLoss,92023000000.0,0.11535159688338785,25.24530438275066,-0.037936168131880076,https://www.sec.gov/Archives/edgar/data/21344/000002134415000005/0000021344-15-000005-index.html
KO,21344,COCA COLA CO,2015-01-01,2015-12-31,2016-02-25,0000021344-16-000050,365,10528000000.0,7366000000.0,ProfitLoss,90093000000.0,0.11685702551807577,25.224108307088628,-0.035097066364756416,https://www.sec.gov/Archives/edgar/data/21344/000002134416000050/0000021344-16-000050-index.html
KO,21344,COCA COLA CO,2016-01-01,2016-12-31,2017-02-24,0000021344-17-000009,366,8796000000.0,6550000000.0,ProfitLoss,87270000000.0,0.10079064970780337,25.19227259812163,-0.02573622092357053,https://www.sec.gov/Archives/edgar/data/21344/000002134417000009/0000021344-17-000009-index.html
KO,21344,COCA COLA CO,2017-01-01,2017-12-31,2018-02-23,0000021344-18-000008,365,6995000000.0,1283000000.0,ProfitLoss,87896000000.0,0.07958268863201966,25.19942013434499,-0.06498589241831255,https://www.sec.gov/Archives/edgar/data/21344/000002134418000008/0000021344-18-000008-index.html
KO,21344,COCA COLA CO,2018-01-01,2018-12-31,2019-02-21,0000021344-19-000014,365,7320000000.0,6476000000.0,ProfitLoss,83216000000.0,0.08796385310517209,25.144705473977126,-0.010142280330705633,https://www.sec.gov/Archives/edgar/data/21344/000002134419000014/0000021344-19-000014-index.html
KO,21344,COCA COLA CO,2019-01-01,2019-12-31,2020-02-24,0000021344-20-000006,365,10471000000.0,8985000000.0,ProfitLoss,86381000000.0,0.12121878653870642,25.182033581165836,-0.017202857109781085,https://www.sec.gov/Archives/edgar/data/21344/000002134420000006/0000021344-20-000006-index.html
KO,21344,COCA COLA CO,2020-01-01,2020-12-31,2021-02-25,0000021344-21-000008,366,9844000000.0,7768000000.0,ProfitLoss,87296000000.0,0.1127657624633431,25.192570479727355,-0.02378115835777126,https://www.sec.gov/Archives/edgar/data/21344/000002134421000008/0000021344-21-000008-index.html
KO,21344,COCA COLA CO,2021-01-01,2021-12-31,2022-02-22,0000021344-22-000009,365,12625000000.0,9804000000.0,ProfitLoss,94354000000.0,0.13380460817771372,25.270319503198827,-0.029898043538164783,https://www.sec.gov/Archives/edgar/data/21344/000002134422000009/0000021344-22-000009-index.html
KO,21344,COCA COLA CO,2022-01-01,2022-12-31,2023-02-21,0000021344-23-000011,365,11018000000.0,9571000000.0,ProfitLoss,92763000000.0,0.11877580500846242,25.253313690337286,-0.01559889179953214,https://www.sec.gov/Archives/edgar/data/21344/000002134423000011/0000021344-23-000011-index.html
KO,21344,COCA COLA CO,2023-01-01,2023-12-31,2024-02-20,0000021344-24-000009,365,11599000000.0,10703000000.0,ProfitLoss,97703000000.0,0.11871692783230811,25.305198101767324,-0.00917064982651505,https://www.sec.gov/Archives/edgar/data/21344/000002134424000009/0000021344-24-000009-index.html
KO,21344,COCA COLA CO,2024-01-01,2024-12-31,2025-02-20,0000021344-25-000011,366,6805000000.0,10649000000.0,ProfitLoss,100549000000.0,0.06767844533511025,25.333911007814773,0.03823011665953913,https://www.sec.gov/Archives/edgar/data/21344/000002134425000011/0000021344-25-000011-index.html
KR,56873,KROGER CO,2009-02-01,2010-01-30,2010-03-30,0001104659-10-017258,364,2922000000.0,57000000.0,ProfitLoss,23093000000.0,0.12653184947819685,23.86279537824817,-0.12406356904689733,https://www.sec.gov/Archives/edgar/data/56873/000110465910017258/0001104659-10-017258-index.html
KR,56873,KROGER CO,2010-01-31,2011-01-29,2011-03-29,0001104659-11-017372,364,3366000000.0,1133000000.0,ProfitLoss,23505000000.0,0.14320357370772177,23.880479001422504,-0.09500106360348862,https://www.sec.gov/Archives/edgar/data/56873/000110465911017372/0001104659-11-017372-index.html
KR,56873,KROGER CO,2017-01-29,2018-02-03,2018-04-03,0001558370-18-002753,371,3413000000.0,1889000000.0,ProfitLoss,37197000000.0,0.0917547114014571,24.339493949812226,-0.04097104605210097,https://www.sec.gov/Archives/edgar/data/56873/000155837018002753/0001558370-18-002753-index.html
KR,56873,KROGER CO,2018-02-04,2019-02-02,2019-04-02,0001558370-19-002756,364,4164000000.0,3078000000.0,ProfitLoss,38118000000.0,0.10923972926176609,24.363952448458864,-0.028490476940028334,https://www.sec.gov/Archives/edgar/data/56873/000155837019002756/0001558370-19-002756-index.html
KR,56873,KROGER CO,2019-02-03,2020-02-01,2020-04-01,0001558370-20-003501,364,4664000000.0,1512000000.0,ProfitLoss,45256000000.0,0.1030581580342938,24.535601094987264,-0.06964822343998586,https://www.sec.gov/Archives/edgar/data/56873/000155837020003501/0001558370-20-003501-index.html
KR,56873,KROGER CO,2020-02-02,2021-01-30,2021-03-30,0001558370-21-003706,364,6815000000.0,2588000000.0,ProfitLoss,48662000000.0,0.1400476758045292,24.6081642749779,-0.0868644938555752,https://www.sec.gov/Archives/edgar/data/56873/000155837021003706/0001558370-21-003706-index.html
KR,56873,KROGER CO,2021-01-31,2022-01-29,2022-03-29,0001558370-22-004595,364,6190000000.0,1666000000.0,ProfitLoss,49086000000.0,0.12610520311290388,24.616839698706027,-0.09216477203275883,https://www.sec.gov/Archives/edgar/data/56873/000155837022004595/0001558370-22-004595-index.html
KR,56873,KROGER CO,2022-01-30,2023-01-28,2023-03-28,0001558370-23-004767,364,4498000000.0,2249000000.0,ProfitLoss,49623000000.0,0.09064345162525442,24.627720272874605,-0.04532172581262721,https://www.sec.gov/Archives/edgar/data/56873/000155837023004767/0001558370-23-004767-index.html
KR,56873,KROGER CO,2023-01-29,2024-02-03,2024-04-02,0001558370-24-004603,371,6788000000.0,2169000000.0,ProfitLoss,50505000000.0,0.1344025344025344,24.645338178227558,-0.09145629145629146,https://www.sec.gov/Archives/edgar/data/56873/000155837024004603/0001558370-24-004603-index.html
KR,56873,KROGER CO,2024-02-04,2025-02-01,2025-04-01,0001558370-25-004267,364,5794000000.0,2672000000.0,ProfitLoss,52616000000.0,0.11011859510415083,24.686286092945462,-0.059335563326744716,https://www.sec.gov/Archives/edgar/data/56873/000155837025004267/0001558370-25-004267-index.html
LOW,60667,LOWES COMPANIES INC,2010-01-30,2011-01-28,2011-03-29,0000060667-11-000061,364,3852000000.0,2010000000.0,ProfitLoss,33699000000.0,0.11430606249443603,24.240734000273953,-0.054660375678803524,https://www.sec.gov/Archives/edgar/data/60667/000006066711000061/0000060667-11-000061-index.html
LOW,60667,LOWES COMPANIES INC,2011-01-29,2012-02-03,2012-04-02,0000060667-12-000096,371,4349000000.0,1839000000.0,ProfitLoss,33559000000.0,0.12959265770732142,24.236570920723636,-0.07479364700974403,https://www.sec.gov/Archives/edgar/data/60667/000006066712000096/0000060667-12-000096-index.html
LOW,60667,LOWES COMPANIES INC,2012-02-04,2013-02-01,2013-04-02,0000060667-13-000045,364,3762000000.0,1959000000.0,ProfitLoss,32666000000.0,0.11516561562480868,24.20960061857736,-0.05519500397967306,https://www.sec.gov/Archives/edgar/data/60667/000006066713000045/0000060667-13-000045-index.html
LOW,60667,LOWES COMPANIES INC,2017-02-04,2018-02-02,2018-04-02,0000060667-18-000051,364,5065000000.0,3447000000.0,ProfitLoss,35291000000.0,0.14352101102264034,24.28689381087139,-0.04584738318551472,https://www.sec.gov/Archives/edgar/data/60667/000006066718000051/0000060667-18-000051-index.html
LOW,60667,LOWES COMPANIES INC,2018-02-03,2019-02-01,2019-04-02,0000060667-19-000042,364,6193000000.0,2314000000.0,ProfitLoss,34508000000.0,0.17946563115799236,24.264457018160744,-0.11240871681928828,https://www.sec.gov/Archives/edgar/data/60667/000006066719000042/0000060667-19-000042-index.html
LOW,60667,LOWES COMPANIES INC,2019-02-02,2020-01-31,2020-03-23,0000060667-20-000036,364,4296000000.0,4281000000.0,ProfitLoss,39471000000.0,0.1088394010792734,24.39883206199822,-0.00038002584175723947,https://www.sec.gov/Archives/edgar/data/60667/000006066720000036/0000060667-20-000036-index.html
LOW,60667,LOWES COMPANIES INC,2020-02-01,2021-01-29,2021-03-22,0000060667-21-000026,364,11049000000.0,5835000000.0,ProfitLoss,46735000000.0,0.23641810206483363,24.567759185580957,-0.11156520808815663,https://www.sec.gov/Archives/edgar/data/60667/000006066721000026/0000060667-21-000026-index.html
LOW,60667,LOWES COMPANIES INC,2021-01-30,2022-01-28,2022-03-21,0000060667-22-000038,364,10113000000.0,8442000000.0,ProfitLoss,44640000000.0,0.22654569892473117,24.521896155019466,-0.03743279569892473,https://www.sec.gov/Archives/edgar/data/60667/000006066722000038/0000060667-22-000038-index.html
LOW,60667,LOWES COMPANIES INC,2022-01-29,2023-02-03,2023-03-27,0000060667-23-000034,371,8589000000.0,6437000000.0,ProfitLoss,43708000000.0,0.19650864830237028,24.50079698865491,-0.049235837832891004,https://www.sec.gov/Archives/edgar/data/60667/000006066723000034/0000060667-23-000034-index.html
LOW,60667,LOWES COMPANIES INC,2023-02-04,2024-02-02,2024-03-25,0000060667-24-000033,364,8140000000.0,7726000000.0,NetIncomeLoss,41795000000.0,0.19476013877258044,24.456042552097532,-0.009905491087450652,https://www.sec.gov/Archives/edgar/data/60667/000006066724000033/0000060667-24-000033-index.html
LOW,60667,LOWES COMPANIES INC,2024-02-03,2025-01-31,2025-03-24,0000060667-25-000049,364,9625000000.0,6957000000.0,NetIncomeLoss,43102000000.0,0.22330750313210523,24.486835236691793,-0.061899679829242264,https://www.sec.gov/Archives/edgar/data/60667/000006066725000049/0000060667-25-000049-index.html
MCD,63908,McDONALD’S CORPORATION,2009-01-01,2009-12-31,2010-02-26,0001193125-10-042025,365,5751000000.0,4551000000.0,NetIncomeLoss,30224900000.0,0.19027358237744377,24.131931924922355,-0.03970236460666537,https://www.sec.gov/Archives/edgar/data/63908/000119312510042025/0001193125-10-042025-index.html
MCD,63908,McDONALD’S CORPORATION,2010-01-01,2010-12-31,2011-02-25,0001193125-11-046701,365,6341600000.0,4946300000.0,NetIncomeLoss,31975200000.0,0.19832870474617828,24.188226439278385,-0.04363694363131427,https://www.sec.gov/Archives/edgar/data/63908/000119312511046701/0001193125-11-046701-index.html
MCD,63908,McDONALD’S CORPORATION,2011-01-01,2011-12-31,2012-02-24,0001193125-12-077317,365,7150100000.0,5503100000.0,NetIncomeLoss,32989900000.0,0.21673603133080124,24.219467290960726,-0.049924370792272785,https://www.sec.gov/Archives/edgar/data/63908/000119312512077317/0001193125-12-077317-index.html
MCD,63908,McDONALD’S CORPORATION,2012-01-01,2012-12-31,2013-02-25,0000063908-13-000010,366,6966100000.0,5464800000.0,NetIncomeLoss,35386500000.0,0.19685755867350543,24.28959622841927,-0.042425783844121344,https://www.sec.gov/Archives/edgar/data/63908/000006390813000010/0000063908-13-000010-index.html
MCD,63908,McDONALD’S CORPORATION,2013-01-01,2013-12-31,2014-02-24,0000063908-14-000019,365,7120700000.0,5585900000.0,NetIncomeLoss,36626300000.0,0.19441494226826078,24.32403239853426,-0.04190431465913838,https://www.sec.gov/Archives/edgar/data/63908/000006390814000019/0000063908-14-000019-index.html
MCD,63908,McDONALD’S CORPORATION,2014-01-01,2014-12-31,2015-02-24,0000063908-15-000016,365,6730300000.0,4757800000.0,NetIncomeLoss,34281400000.0,0.19632512091104798,24.25786876998208,-0.05753849026002439,https://www.sec.gov/Archives/edgar/data/63908/000006390815000016/0000063908-15-000016-index.html
MCD,63908,McDONALD’S CORPORATION,2015-01-01,2015-12-31,2016-02-25,0000063908-16-000103,365,6539100000.0,4529300000.0,NetIncomeLoss,37938700000.0,0.17235962223270698,24.359237536237874,-0.05297493061175001,https://www.sec.gov/Archives/edgar/data/63908/000006390816000103/0000063908-16-000103-index.html
MCD,63908,McDONALD’S CORPORATION,2016-01-01,2016-12-31,2017-03-01,0000063908-17-000017,366,6059600000.0,4686500000.0,NetIncomeLoss,31023900000.0,0.19532038202804936,24.15802371213053,-0.04425942579753029,https://www.sec.gov/Archives/edgar/data/63908/000006390817000017/0000063908-17-000017-index.html
MCD,63908,McDONALD’S CORPORATION,2017-01-01,2017-12-31,2018-02-23,0000063908-18-000010,365,5551200000.0,5192300000.0,NetIncomeLoss,33803700000.0,0.16421870978620684,24.24383610089988,-0.010617180959480766,https://www.sec.gov/Archives/edgar/data/63908/000006390818000010/0000063908-18-000010-index.html
MCD,63908,McDONALD’S CORPORATION,2018-01-01,2018-12-31,2019-02-22,0000063908-19-000010,365,6966700000.0,5924300000.0,NetIncomeLoss,32811200000.0,0.2123268883795777,24.21403575746578,-0.031769639635246504,https://www.sec.gov/Archives/edgar/data/63908/000006390819000010/0000063908-19-000010-index.html
MCD,63908,McDONALD’S CORPORATION,2019-01-01,2019-12-31,2020-02-26,0000063908-20-000022,365,8122100000.0,6025400000.0,NetIncomeLoss,47510800000.0,0.17095270969968934,24.584222890563776,-0.04413101863155325,https://www.sec.gov/Archives/edgar/data/63908/000006390820000022/0000063908-20-000022-index.html
MCD,63908,McDONALD’S CORPORATION,2020-01-01,2020-12-31,2021-02-23,0000063908-21-000013,366,6265200000.0,4730500000.0,NetIncomeLoss,52626800000.0,0.11904960970456117,24.686491332639537,-0.029161947904869763,https://www.sec.gov/Archives/edgar/data/63908/000006390821000013/0000063908-21-000013-index.html
MCD,63908,McDONALD’S CORPORATION,2021-01-01,2021-12-31,2022-02-24,0000063908-22-000011,365,9141500000.0,7545200000.0,NetIncomeLoss,53854300000.0,0.16974503428695573,24.709548088800034,-0.0296410871555289,https://www.sec.gov/Archives/edgar/data/63908/000006390822000011/0000063908-22-000011-index.html
MCD,63908,McDONALD’S CORPORATION,2022-01-01,2022-12-31,2023-02-24,0000063908-23-000012,365,7386700000.0,6177400000.0,NetIncomeLoss,50435600000.0,0.14645805740389725,24.643963111882893,-0.023977111405435843,https://www.sec.gov/Archives/edgar/data/63908/000006390823000012/0000063908-23-000012-index.html
MCD,63908,McDONALD’S CORPORATION,2023-01-01,2023-12-31,2024-02-22,0000063908-24-000072,365,9611900000.0,8468800000.0,NetIncomeLoss,56146800000.0,0.17119230303418895,24.75123552630205,-0.02035912999494183,https://www.sec.gov/Archives/edgar/data/63908/000006390824000072/0000063908-24-000072-index.html
MCD,63908,McDONALD’S CORPORATION,2024-01-01,2024-12-31,2025-02-25,0000063908-25-000012,366,9447000000.0,8223000000.0,NetIncomeLoss,55182000000.0,0.1711971294987496,24.733902650095025,-0.022181146025878003,https://www.sec.gov/Archives/edgar/data/63908/000006390825000012/0000063908-25-000012-index.html
NKE,320187,"NIKE, Inc.",2009-06-01,2010-05-31,2010-07-20,0001193125-10-161874,365,3164200000.0,1906700000.0,NetIncomeLoss,14419300000.0,0.21944199787784427,23.391833423935612,-0.08720950392876214,https://www.sec.gov/Archives/edgar/data/320187/000119312510161874/0001193125-10-161874-index.html
NKE,320187,"NIKE, Inc.",2010-06-01,2011-05-31,2011-07-22,0001193125-11-194791,365,1812000000.0,2133000000.0,NetIncomeLoss,14998000000.0,0.1208161088145086,23.43118269582561,0.02140285371382851,https://www.sec.gov/Archives/edgar/data/320187/000119312511194791/0001193125-11-194791-index.html
NKE,320187,"NIKE, Inc.",2011-06-01,2012-05-31,2012-07-24,0001193125-12-312306,366,1899000000.0,2223000000.0,NetIncomeLoss,15465000000.0,0.12279340446168768,23.461845243083445,0.020950533462657614,https://www.sec.gov/Archives/edgar/data/320187/000119312512312306/0001193125-12-312306-index.html
NKE,320187,"NIKE, Inc.",2012-06-01,2013-05-31,2013-07-23,0000320187-13-000092,365,3027000000.0,2485000000.0,NetIncomeLoss,17584000000.0,0.17214513193812556,23.590255234607678,-0.030823475887170156,https://www.sec.gov/Archives/edgar/data/320187/000032018713000092/0000320187-13-000092-index.html
NKE,320187,"NIKE, Inc.",2013-06-01,2014-05-31,2014-07-25,0000320187-14-000097,365,3003000000.0,2693000000.0,NetIncomeLoss,18594000000.0,0.16150371087447563,23.64610478498008,-0.016672044745616867,https://www.sec.gov/Archives/edgar/data/320187/000032018714000097/0000320187-14-000097-index.html
NKE,320187,"NIKE, Inc.",2014-06-01,2015-05-31,2015-07-23,0000320187-15-000113,365,4680000000.0,3273000000.0,NetIncomeLoss,21600000000.0,0.21666666666666667,23.79595915163653,-0.06513888888888889,https://www.sec.gov/Archives/edgar/data/320187/000032018715000113/0000320187-15-000113-index.html
NKE,320187,"NIKE, Inc.",2015-06-01,2016-05-31,2016-07-21,0000320187-16-000336,366,3096000000.0,3760000000.0,NetIncomeLoss,21396000000.0,0.1446999439147504,23.786469825615416,0.03103383810057955,https://www.sec.gov/Archives/edgar/data/320187/000032018716000336/0000320187-16-000336-index.html
NKE,320187,"NIKE, Inc.",2016-06-01,2017-05-31,2017-07-20,0000320187-17-000090,365,3640000000.0,4240000000.0,NetIncomeLoss,23259000000.0,0.15649855969732146,23.869957990851344,0.025796465884173867,https://www.sec.gov/Archives/edgar/data/320187/000032018717000090/0000320187-17-000090-index.html
NKE,320187,"NIKE, Inc.",2017-06-01,2018-05-31,2018-07-25,0000320187-18-000142,365,4955000000.0,1933000000.0,NetIncomeLoss,22536000000.0,0.21987042953496627,23.838379867520484,-0.13409655662051828,https://www.sec.gov/Archives/edgar/data/320187/000032018718000142/0000320187-18-000142-index.html
NKE,320187,"NIKE, Inc.",2018-06-01,2019-05-31,2019-07-23,0000320187-19-000051,365,5903000000.0,4029000000.0,NetIncomeLoss,23717000000.0,0.2488931989712021,23.88945792752917,-0.07901505249399166,https://www.sec.gov/Archives/edgar/data/320187/000032018719000051/0000320187-19-000051-index.html
NKE,320187,"NIKE, Inc.",2019-06-01,2020-05-31,2020-07-24,0000320187-20-000047,366,2485000000.0,2539000000.0,NetIncomeLoss,31342000000.0,0.0792865803075745,24.168224888047437,0.0017229277008487015,https://www.sec.gov/Archives/edgar/data/320187/000032018720000047/0000320187-20-000047-index.html
NKE,320187,"NIKE, Inc.",2020-06-01,2021-05-31,2021-07-20,0000320187-21-000028,365,6657000000.0,5727000000.0,NetIncomeLoss,37740000000.0,0.17639109697933228,24.353986376886816,-0.0246422893481717,https://www.sec.gov/Archives/edgar/data/320187/000032018721000028/0000320187-21-000028-index.html
NKE,320187,"NIKE, Inc.",2021-06-01,2022-05-31,2022-07-21,0000320187-22-000038,365,5188000000.0,6046000000.0,NetIncomeLoss,40321000000.0,0.12866744376379555,24.420138261989273,0.021279234145978522,https://www.sec.gov/Archives/edgar/data/320187/000032018722000038/0000320187-22-000038-index.html
NKE,320187,"NIKE, Inc.",2022-06-01,2023-05-31,2023-07-20,0000320187-23-000039,365,5841000000.0,5070000000.0,NetIncomeLoss,37531000000.0,0.15563134475500254,24.348433095088748,-0.020543017771975168,https://www.sec.gov/Archives/edgar/data/320187/000032018723000039/0000320187-23-000039-index.html
NKE,320187,"NIKE, Inc.",2023-06-01,2024-05-31,2024-07-25,0000320187-24-000044,366,7429000000.0,5700000000.0,NetIncomeLoss,38110000000.0,0.19493571241144056,24.36374255183218,-0.0453686696405143,https://www.sec.gov/Archives/edgar/data/320187/000032018724000044/0000320187-24-000044-index.html
NKE,320187,"NIKE, Inc.",2024-06-01,2025-05-31,2025-07-17,0000320187-25-000047,365,3698000000.0,3219000000.0,NetIncomeLoss,36579000000.0,0.10109625741545696,24.32274014219265,-0.013094945187129227,https://www.sec.gov/Archives/edgar/data/320187/000032018725000047/0000320187-25-000047-index.html
PEP,77476,"PepsiCo, Inc.",2009-12-27,2010-12-25,2011-02-18,0001193125-11-040427,364,8448000000.0,6338000000.0,ProfitLoss,68153000000.0,0.12395639223511805,24.945021014663,-0.030959752321981424,https://www.sec.gov/Archives/edgar/data/77476/000119312511040427/0001193125-11-040427-index.html
PEP,77476,"PepsiCo, Inc.",2010-12-26,2011-12-31,2012-02-27,0001193125-12-081822,371,8944000000.0,6462000000.0,ProfitLoss,72882000000.0,0.1227189155072583,25.0121075318926,-0.03405504788562334,https://www.sec.gov/Archives/edgar/data/77476/000119312512081822/0001193125-12-081822-index.html
PEP,77476,"PepsiCo, Inc.",2012-01-01,2012-12-29,2013-02-21,0001445305-13-000278,364,8479000000.0,6214000000.0,ProfitLoss,74638000000.0,0.11360165063372545,25.035915597842468,-0.030346472306331897,https://www.sec.gov/Archives/edgar/data/77476/000144530513000278/0001445305-13-000278-index.html
PEP,77476,"PepsiCo, Inc.",2012-12-30,2013-12-28,2014-02-14,0000077476-14-000007,364,9688000000.0,6787000000.0,ProfitLoss,77478000000.0,0.12504194739151758,25.07325986203898,-0.03744288701308759,https://www.sec.gov/Archives/edgar/data/77476/000007747614000007/0000077476-14-000007-index.html
PEP,77476,"PepsiCo, Inc.",2013-12-29,2014-12-27,2015-02-12,0000077476-15-000012,364,10506000000.0,6558000000.0,ProfitLoss,70509000000.0,0.1490022550312726,24.97900619819131,-0.05599285197634345,https://www.sec.gov/Archives/edgar/data/77476/000007747615000012/0000077476-15-000012-index.html
PEP,77476,"PepsiCo, Inc.",2014-12-28,2015-12-26,2016-02-11,0000077476-16-000066,364,10580000000.0,5501000000.0,ProfitLoss,69667000000.0,0.15186530207989435,24.96699258492066,-0.07290395739733303,https://www.sec.gov/Archives/edgar/data/77476/000007747616000066/0000077476-16-000066-index.html
PEP,77476,"PepsiCo, Inc.",2015-12-27,2016-12-31,2017-02-15,0000077476-17-000010,371,10404000000.0,6379000000.0,ProfitLoss,74129000000.0,0.1403499305265146,25.029072655708863,-0.05429723859757989,https://www.sec.gov/Archives/edgar/data/77476/000007747617000010/0000077476-17-000010-index.html
PEP,77476,"PepsiCo, Inc.",2017-01-01,2017-12-30,2018-02-13,0000077476-18-000012,364,9994000000.0,4908000000.0,ProfitLoss,79804000000.0,0.12523181795398727,25.102839465459226,-0.06373114129617563,https://www.sec.gov/Archives/edgar/data/77476/000007747618000012/0000077476-18-000012-index.html
PEP,77476,"PepsiCo, Inc.",2017-12-31,2018-12-29,2019-02-15,0000077476-19-000017,364,9415000000.0,12559000000.0,ProfitLoss,77648000000.0,0.12125231815371935,25.075451629609272,0.040490418297960025,https://www.sec.gov/Archives/edgar/data/77476/000007747619000017/0000077476-19-000017-index.html
PEP,77476,"PepsiCo, Inc.",2018-12-30,2019-12-28,2020-02-13,0000077476-20-000015,364,9649000000.0,7353000000.0,ProfitLoss,78547000000.0,0.12284364775230117,25.086963008684453,-0.02923090633633366,https://www.sec.gov/Archives/edgar/data/77476/000007747620000015/0000077476-20-000015-index.html
PEP,77476,"PepsiCo, Inc.",2019-12-29,2020-12-26,2021-02-11,0000077476-21-000007,364,10613000000.0,7175000000.0,ProfitLoss,92918000000.0,0.11421898878581115,25.254983220725457,-0.037000365914031726,https://www.sec.gov/Archives/edgar/data/77476/000007747621000007/0000077476-21-000007-index.html
PEP,77476,"PepsiCo, Inc.",2020-12-27,2021-12-25,2022-02-10,0000077476-22-000010,364,11616000000.0,7679000000.0,ProfitLoss,92377000000.0,0.12574558602249478,25.249143866859967,-0.04261883369236931,https://www.sec.gov/Archives/edgar/data/77476/000007747622000010/0000077476-22-000010-index.html
PEP,77476,"PepsiCo, Inc.",2021-12-26,2022-12-31,2023-02-09,0000077476-23-000007,371,10811000000.0,8978000000.0,ProfitLoss,92187000000.0,0.11727250046101945,25.247084959737027,-0.01988349767320772,https://www.sec.gov/Archives/edgar/data/77476/000007747623000007/0000077476-23-000007-index.html
PEP,77476,"PepsiCo, Inc.",2023-01-01,2023-12-30,2024-02-09,0000077476-24-000008,364,13442000000.0,9155000000.0,ProfitLoss,100495000000.0,0.1337578984029056,25.333373811964126,-0.042658838748196426,https://www.sec.gov/Archives/edgar/data/77476/000007747624000008/0000077476-24-000008-index.html
PEP,77476,"PepsiCo, Inc.",2023-12-31,2024-12-28,2025-02-04,0000077476-25-000007,364,12507000000.0,9626000000.0,ProfitLoss,99467000000.0,0.12574019524063257,25.323091767808727,-0.028964380146179136,https://www.sec.gov/Archives/edgar/data/77476/000007747625000007/0000077476-25-000007-index.html
PG,80424,The Procter & Gamble Company,2009-07-01,2010-06-30,2010-08-13,0001193125-10-188769,365,16072000000.0,12736000000.0,NetIncomeLoss,128172000000.0,0.1253940018100677,25.57663894884197,-0.026027525512592454,https://www.sec.gov/Archives/edgar/data/80424/000119312510188769/0001193125-10-188769-index.html
PG,80424,The Procter & Gamble Company,2010-07-01,2011-06-30,2011-08-10,0000080424-11-000014,365,13231000000.0,11797000000.0,NetIncomeLoss,138354000000.0,0.09563149601746244,25.653081454940654,-0.01036471659655666,https://www.sec.gov/Archives/edgar/data/80424/000008042411000014/0000080424-11-000014-index.html
PG,80424,The Procter & Gamble Company,2011-07-01,2012-06-30,2012-08-08,0000080424-12-000063,366,13284000000.0,10904000000.0,ProfitLoss,132244000000.0,0.10045068207253259,25.607914538035594,-0.01799703578234173,https://www.sec.gov/Archives/edgar/data/80424/000008042412000063/0000080424-12-000063-index.html
PG,80424,The Procter & Gamble Company,2012-07-01,2013-06-30,2013-08-08,0000080424-13-000063,365,14873000000.0,11402000000.0,ProfitLoss,139263000000.0,0.10679792909818114,25.65963006866738,-0.024924064539755715,https://www.sec.gov/Archives/edgar/data/80424/000008042413000063/0000080424-13-000063-index.html
PG,80424,The Procter & Gamble Company,2013-07-01,2014-06-30,2014-08-08,0000080424-14-000057,365,13958000000.0,11785000000.0,ProfitLoss,144266000000.0,0.09675183341882357,25.694924654727807,-0.015062454077883909,https://www.sec.gov/Archives/edgar/data/80424/000008042414000057/0000080424-14-000057-index.html
PG,80424,The Procter & Gamble Company,2014-07-01,2015-06-30,2015-08-07,0000080424-15-000070,365,14608000000.0,7144000000.0,ProfitLoss,129495000000.0,0.11280744430286883,25.58690810730201,-0.05763929109232017,https://www.sec.gov/Archives/edgar/data/80424/000008042415000070/0000080424-15-000070-index.html
PG,80424,The Procter & Gamble Company,2015-07-01,2016-06-30,2016-08-09,0000080424-16-000212,366,15435000000.0,10604000000.0,ProfitLoss,127136000000.0,0.12140542411276113,25.5685232165786,-0.03799867858041782,https://www.sec.gov/Archives/edgar/data/80424/000008042416000212/0000080424-16-000212-index.html
PG,80424,The Procter & Gamble Company,2016-07-01,2017-06-30,2017-08-07,0000080424-17-000047,365,12753000000.0,15411000000.0,ProfitLoss,120406000000.0,0.10591664867199309,25.51413520246651,0.02207531186153514,https://www.sec.gov/Archives/edgar/data/80424/000008042417000047/0000080424-17-000047-index.html
PG,80424,The Procter & Gamble Company,2017-07-01,2018-06-30,2018-08-07,0000080424-18-000055,365,14867000000.0,9861000000.0,ProfitLoss,118310000000.0,0.1256613980221452,25.496574135211983,-0.04231256867551348,https://www.sec.gov/Archives/edgar/data/80424/000008042418000055/0000080424-18-000055-index.html
PG,80424,The Procter & Gamble Company,2018-07-01,2019-06-30,2019-08-06,0000080424-19-000050,365,15242000000.0,3966000000.0,ProfitLoss,115095000000.0,0.13242973196055433,25.469023711244148,-0.09797124114861636,https://www.sec.gov/Archives/edgar/data/80424/000008042419000050/0000080424-19-000050-index.html
PG,80424,The Procter & Gamble Company,2019-07-01,2020-06-30,2020-08-06,0000080424-20-000053,366,17403000000.0,13103000000.0,ProfitLoss,120700000000.0,0.14418392709196354,25.516573965049897,-0.035625517812758904,https://www.sec.gov/Archives/edgar/data/80424/000008042420000053/0000080424-20-000053-index.html
PG,80424,The Procter & Gamble Company,2020-07-01,2021-06-30,2021-08-06,0000080424-21-000100,365,18371000000.0,14352000000.0,ProfitLoss,119307000000.0,0.1539809064011332,25.50496583993665,-0.033686204497640544,https://www.sec.gov/Archives/edgar/data/80424/000008042421000100/0000080424-21-000100-index.html
PG,80424,The Procter & Gamble Company,2021-07-01,2022-06-30,2022-08-05,0000080424-22-000064,365,16723000000.0,14793000000.0,ProfitLoss,117208000000.0,0.14267797419971334,25.487215971145424,-0.01646645280185653,https://www.sec.gov/Archives/edgar/data/80424/000008042422000064/0000080424-22-000064-index.html
PG,80424,The Procter & Gamble Company,2022-07-01,2023-06-30,2023-08-04,0000080424-23-000073,365,16848000000.0,14738000000.0,ProfitLoss,120829000000.0,0.13943672462736595,25.517642159861005,-0.017462695213897327,https://www.sec.gov/Archives/edgar/data/80424/000008042423000073/0000080424-23-000073-index.html
PG,80424,The Procter & Gamble Company,2023-07-01,2024-06-30,2024-08-05,0000080424-24-000083,366,19846000000.0,14974000000.0,ProfitLoss,122370000000.0,0.16218027294271473,25.53031507894399,-0.03981367982348615,https://www.sec.gov/Archives/edgar/data/80424/000008042424000083/0000080424-24-000083-index.html
PG,80424,The Procter & Gamble Company,2024-07-01,2025-06-30,2025-08-04,0000080424-25-000076,365,17817000000.0,16065000000.0,ProfitLoss,125231000000.0,0.14227307934936237,25.553425868797504,-0.013990146209804282,https://www.sec.gov/Archives/edgar/data/80424/000008042425000076/0000080424-25-000076-index.html
ROST,745732,"Ross Stores, Inc.",2010-01-31,2011-01-29,2011-03-29,0001206774-11-000627,364,673066000.0,554797000.0,NetIncomeLoss,3116204000.0,0.21598906875159649,21.859881431361362,-0.037952906805844545,https://www.sec.gov/Archives/edgar/data/745732/000120677411000627/0001206774-11-000627-index.html
ROST,745732,"Ross Stores, Inc.",2011-01-30,2012-01-28,2012-03-27,0001206774-12-001210,364,820105000.0,657170000.0,NetIncomeLoss,3301209000.0,0.24842565254123566,21.91755460196044,-0.0493561601219432,https://www.sec.gov/Archives/edgar/data/745732/000120677412001210/0001206774-12-001210-index.html
ROST,745732,"Ross Stores, Inc.",2012-01-29,2013-02-02,2013-04-02,0000745732-13-000006,371,979644000.0,786763000.0,NetIncomeLoss,3670561000.0,0.26689217261339615,22.023610348366255,-0.05254809823348529,https://www.sec.gov/Archives/edgar/data/745732/000074573213000006/0000745732-13-000006-index.html
ROST,745732,"Ross Stores, Inc.",2013-02-03,2014-02-01,2014-04-01,0000745732-14-000006,364,1022003000.0,837304000.0,NetIncomeLoss,3896797000.0,0.2622674468287673,22.08342077059386,-0.047397644783651806,https://www.sec.gov/Archives/edgar/data/745732/000074573214000006/0000745732-14-000006-index.html
ROST,745732,"Ross Stores, Inc.",2014-02-02,2015-01-31,2015-03-31,0000745732-15-000009,364,1372865000.0,924724000.0,NetIncomeLoss,4703134000.0,0.2919042919040793,22.271494931955047,-0.09528561167936103,https://www.sec.gov/Archives/edgar/data/745732/000074573215000009/0000745732-15-000009-index.html
ROST,745732,"Ross Stores, Inc.",2015-02-01,2016-01-30,2016-03-29,0000745732-16-000037,364,1326252000.0,1020661000.0,NetIncomeLoss,4869119000.0,0.2723802807037577,22.30617885418514,-0.06276104568403443,https://www.sec.gov/Archives/edgar/data/745732/000074573216000037/0000745732-16-000037-index.html
ROST,745732,"Ross Stores, Inc.",2016-01-31,2017-01-28,2017-03-28,0000745732-17-000009,364,1558851000.0,1117654000.0,NetIncomeLoss,5309351000.0,0.2936048115861995,22.392735442508293,-0.08309810370420039,https://www.sec.gov/Archives/edgar/data/745732/000074573217000009/0000745732-17-000009-index.html
ROST,745732,"Ross Stores, Inc.",2017-01-29,2018-02-03,2018-04-03,0000745732-18-000004,371,1681278000.0,1362753000.0,NetIncomeLoss,5722051000.0,0.2938243647251659,22.467593144502104,-0.05566622877006863,https://www.sec.gov/Archives/edgar/data/745732/000074573218000004/0000745732-18-000004-index.html
ROST,745732,"Ross Stores, Inc.",2018-02-04,2019-02-02,2019-04-02,0000745732-19-000009,364,2066677000.0,1587457000.0,NetIncomeLoss,6073691000.0,0.34026706330631573,22.527232329704297,-0.0789009516618478,https://www.sec.gov/Archives/edgar/data/745732/000074573219000009/0000745732-19-000009-index.html
ROST,745732,"Ross Stores, Inc.",2019-02-03,2020-02-01,2020-03-31,0000745732-20-000016,364,2171546000.0,1660928000.0,NetIncomeLoss,9348367000.0,0.23229147935676894,22.95846751258708,-0.054621090507037215,https://www.sec.gov/Archives/edgar/data/745732/000074573220000016/0000745732-20-000016-index.html
ROST,745732,"Ross Stores, Inc.",2020-02-02,2021-01-30,2021-03-30,0000745732-21-000017,364,2245933000.0,85382000.0,NetIncomeLoss,12717867000.0,0.17659667301128404,23.266273692117824,-0.16988312584177834,https://www.sec.gov/Archives/edgar/data/745732/000074573221000017/0000745732-21-000017-index.html
ROST,745732,"Ross Stores, Inc.",2021-01-31,2022-01-29,2022-03-29,0000745732-22-000014,364,1738849000.0,1722589000.0,NetIncomeLoss,13640256000.0,0.12747920566886722,23.33629125751405,-0.0011920597384682517,https://www.sec.gov/Archives/edgar/data/745732/000074573222000014/0000745732-22-000014-index.html
ROST,745732,"Ross Stores, Inc.",2022-01-30,2023-01-28,2023-03-28,0000745732-23-000013,364,1689373000.0,1512041000.0,NetIncomeLoss,13416463000.0,0.1259179114495378,23.31974837190343,-0.013217492568644955,https://www.sec.gov/Archives/edgar/data/745732/000074573223000013/0000745732-23-000013-index.html
ROST,745732,"Ross Stores, Inc.",2023-01-29,2024-02-03,2024-04-02,0000745732-24-000009,371,2514490000.0,1874520000.0,NetIncomeLoss,14300109000.0,0.1758371212415234,23.383532996560845,-0.044752805730361916,https://www.sec.gov/Archives/edgar/data/745732/000074573224000009/0000745732-24-000009-index.html
ROST,745732,"Ross Stores, Inc.",2024-02-04,2025-02-01,2025-04-01,0000745732-25-000010,364,2356988000.0,2090730000.0,NetIncomeLoss,14905332000.0,0.15813052671352776,23.424984838232938,-0.017863272015678684,https://www.sec.gov/Archives/edgar/data/745732/000074573225000010/0000745732-25-000010-index.html
SBUX,829224,Starbucks Corporation,2009-09-28,2010-10-03,2010-11-22,0001193125-10-266333,371,1704900000.0,948300000.0,ProfitLoss,6385900000.0,0.26697881269672247,22.577358271861776,-0.11847977575596236,https://www.sec.gov/Archives/edgar/data/829224/000119312510266333/0001193125-10-266333-index.html
SBUX,829224,Starbucks Corporation,2010-10-04,2011-10-02,2011-11-18,0001193125-11-317175,364,1612400000.0,1248000000.0,ProfitLoss,7360400000.0,0.21906418129449487,22.719380116036493,-0.049508178903320474,https://www.sec.gov/Archives/edgar/data/829224/000119312511317175/0001193125-11-317175-index.html
SBUX,829224,Starbucks Corporation,2011-10-03,2012-09-30,2012-11-16,0000829224-12-000007,364,1750300000.0,1384700000.0,ProfitLoss,8219200000.0,0.21295259879306988,22.829738717677277,-0.04448121471676075,https://www.sec.gov/Archives/edgar/data/829224/000082922412000007/0000829224-12-000007-index.html
SBUX,829224,Starbucks Corporation,2012-10-01,2013-09-29,2013-11-18,0000829224-13-000044,364,2908300000.0,8800000.0,ProfitLoss,11516700000.0,0.2525289362404161,23.167063992843797,-0.2517648284664878,https://www.sec.gov/Archives/edgar/data/829224/000082922413000044/0000829224-13-000044-index.html
SBUX,829224,Starbucks Corporation,2013-09-30,2014-09-28,2014-11-14,0000829224-14-000041,364,607800000.0,2067700000.0,ProfitLoss,10752900000.0,0.05652428647155651,23.098441322581248,0.1357680253699002,https://www.sec.gov/Archives/edgar/data/829224/000082922414000041/0000829224-14-000041-index.html
SBUX,829224,Starbucks Corporation,2014-09-29,2015-09-27,2015-11-12,0000829224-15-000038,364,3749100000.0,2759300000.0,ProfitLoss,12446100000.0,0.3012268903511944,23.244673157771107,-0.0795269200793823,https://www.sec.gov/Archives/edgar/data/829224/000082922415000038/0000829224-15-000038-index.html
SBUX,829224,Starbucks Corporation,2015-09-28,2016-10-02,2016-11-18,0000829224-16-000083,371,4575100000.0,2818900000.0,ProfitLoss,14329500000.0,0.31927841166823684,23.385586186342447,-0.1225583586307966,https://www.sec.gov/Archives/edgar/data/829224/000082922416000083/0000829224-16-000083-index.html
SBUX,829224,Starbucks Corporation,2016-10-03,2017-10-01,2017-11-17,0000829224-17-000049,364,4174300000.0,2884900000.0,ProfitLoss,14365600000.0,0.29057609845742605,23.38810229669196,-0.08975608397839283,https://www.sec.gov/Archives/edgar/data/829224/000082922417000049/0000829224-17-000049-index.html
SBUX,829224,Starbucks Corporation,2017-10-02,2018-09-30,2018-11-16,0000829224-18-000052,364,11937800000.0,4518000000.0,ProfitLoss,24156400000.0,0.49418787567683925,23.90781519228792,-0.30715669553410274,https://www.sec.gov/Archives/edgar/data/829224/000082922418000052/0000829224-18-000052-index.html
SBUX,829224,Starbucks Corporation,2018-10-01,2019-09-29,2019-11-15,0000829224-19-000051,364,5047000000.0,3594600000.0,ProfitLoss,19219600000.0,0.2625965160565256,23.679196428617466,-0.07556869029532352,https://www.sec.gov/Archives/edgar/data/829224/000082922419000051/0000829224-19-000051-index.html
SBUX,829224,Starbucks Corporation,2019-09-30,2020-09-27,2020-11-12,0000829224-20-000078,364,1597800000.0,924700000.0,ProfitLoss,29374500000.0,0.05439411734667824,24.103392787989275,-0.02291443258608657,https://www.sec.gov/Archives/edgar/data/829224/000082922420000078/0000829224-20-000078-index.html
SBUX,829224,Starbucks Corporation,2020-09-28,2021-10-03,2021-11-19,0000829224-21-000086,371,5989100000.0,4200300000.0,ProfitLoss,31392600000.0,0.1907806298299599,24.169838033296557,-0.0569815816466301,https://www.sec.gov/Archives/edgar/data/829224/000082922421000086/0000829224-21-000086-index.html
SBUX,829224,Starbucks Corporation,2021-10-04,2022-10-02,2022-11-18,0000829224-22-000058,364,4397300000.0,3283400000.0,ProfitLoss,27978400000.0,0.15716767220427186,24.05469862084605,-0.03981285563148715,https://www.sec.gov/Archives/edgar/data/829224/000082922422000058/0000829224-22-000058-index.html
SBUX,829224,Starbucks Corporation,2022-10-03,2023-10-01,2023-11-17,0000829224-23-000058,364,6008700000.0,4124700000.0,ProfitLoss,29445500000.0,0.20406174118286324,24.105806934010456,-0.06398261194410011,https://www.sec.gov/Archives/edgar/data/829224/000082922423000058/0000829224-23-000058-index.html
SBUX,829224,Starbucks Corporation,2023-10-02,2024-09-29,2024-11-20,0000829224-24-000057,364,6095600000.0,3762300000.0,ProfitLoss,31339300000.0,0.19450338712096313,24.16813873795158,-0.07445284355425935,https://www.sec.gov/Archives/edgar/data/829224/000082922424000057/0000829224-24-000057-index.html
SBUX,829224,Starbucks Corporation,2024-09-30,2025-09-28,2025-11-14,0000829224-25-000114,364,4747500000.0,1856700000.0,ProfitLoss,32019700000.0,0.1482680974525058,24.189617175326806,-0.09028192019288125,https://www.sec.gov/Archives/edgar/data/829224/000082922425000114/0000829224-25-000114-index.html
TGT,27419,Target Corporation,2009-02-01,2010-01-30,2010-03-12,0001047469-10-002121,364,5881000000.0,2488000000.0,ProfitLoss,44533000000.0,0.132059371701884,24.519496324322894,-0.07619069005007523,https://www.sec.gov/Archives/edgar/data/27419/000104746910002121/0001047469-10-002121-index.html
TGT,27419,Target Corporation,2010-01-31,2011-01-29,2011-03-11,0001047469-11-002032,364,5271000000.0,2920000000.0,ProfitLoss,43705000000.0,0.12060404987987644,24.500728348978864,-0.053792472257178814,https://www.sec.gov/Archives/edgar/data/27419/000104746911002032/0001047469-11-002032-index.html
TGT,27419,Target Corporation,2022-01-30,2023-01-28,2023-03-08,0000027419-23-000015,364,4018000000.0,2780000000.0,NetIncomeLoss,53335000000.0,0.07533514577669448,24.699858613023856,-0.02321177463204275,https://www.sec.gov/Archives/edgar/data/27419/000002741923000015/0000027419-23-000015-index.html
TGT,27419,Target Corporation,2023-01-29,2024-02-03,2024-03-13,0000027419-24-000032,371,8621000000.0,4138000000.0,NetIncomeLoss,55356000000.0,0.15573740877231013,24.737050891310094,-0.0809848977527278,https://www.sec.gov/Archives/edgar/data/27419/000002741924000032/0000027419-24-000032-index.html
TGT,27419,Target Corporation,2024-02-04,2025-02-01,2025-03-12,0000027419-25-000018,364,7367000000.0,4091000000.0,NetIncomeLoss,57769000000.0,0.12752514324291575,24.77971813656726,-0.05670861534733161,https://www.sec.gov/Archives/edgar/data/27419/000002741925000018/0000027419-25-000018-index.html
TJX,109198,"The TJX Companies, Inc.",2009-02-01,2010-01-30,2010-03-30,0000950123-10-029845,364,2271926000.0,1213572000.0,ProfitLoss,7463977000.0,0.30438545027670905,22.733354219029042,-0.14179491710652378,https://www.sec.gov/Archives/edgar/data/109198/000095012310029845/0000950123-10-029845-index.html
TJX,109198,"The TJX Companies, Inc.",2010-01-31,2011-01-29,2011-03-30,0000950123-11-030274,364,1976481000.0,1343141000.0,ProfitLoss,7971763000.0,0.24793524343360435,22.79917150980336,-0.07944792136946369,https://www.sec.gov/Archives/edgar/data/109198/000095012311030274/0000950123-11-030274-index.html
TJX,109198,"The TJX Companies, Inc.",2011-01-30,2012-01-28,2012-03-27,0001193125-12-134536,364,1916034000.0,1496090000.0,ProfitLoss,8281605000.0,0.2313602254635424,22.83730262713863,-0.050708045119273376,https://www.sec.gov/Archives/edgar/data/109198/000119312512134536/0001193125-12-134536-index.html
TJX,109198,"The TJX Companies, Inc.",2012-01-29,2013-02-02,2013-04-02,0001193125-13-138497,371,3045614000.0,1906687000.0,ProfitLoss,9511855000.0,0.32019138222775684,22.975804752316265,-0.11973763266996816,https://www.sec.gov/Archives/edgar/data/109198/000119312513138497/0001193125-13-138497-index.html
TJX,109198,"The TJX Companies, Inc.",2013-02-03,2014-02-01,2014-04-01,0001193125-14-125980,364,2590329000.0,2137396000.0,ProfitLoss,10201022000.0,0.253928380901443,23.045753748295777,-0.044400747297672724,https://www.sec.gov/Archives/edgar/data/109198/000119312514125980/0001193125-14-125980-index.html
TJX,109198,"The TJX Companies, Inc.",2018-02-04,2019-02-02,2019-04-03,0001628280-19-003834,364,4088459000.0,3059798000.0,NetIncomeLoss,14326029000.0,0.28538676000167246,23.38534392942812,-0.07180363797951267,https://www.sec.gov/Archives/edgar/data/109198/000162828019003834/0001628280-19-003834-index.html
TJX,109198,"The TJX Companies, Inc.",2019-02-03,2020-02-01,2020-03-27,0000109198-20-000004,364,4066540000.0,3272193000.0,NetIncomeLoss,24145003000.0,0.16842159845662474,23.907343280521236,-0.03289902262592388,https://www.sec.gov/Archives/edgar/data/109198/000010919820000004/0000109198-20-000004-index.html
TJX,109198,"The TJX Companies, Inc.",2020-02-02,2021-01-30,2021-03-31,0000109198-21-000006,364,4561889000.0,90470000.0,NetIncomeLoss,30813555000.0,0.14804812362611194,24.15122052751408,-0.14511207810977994,https://www.sec.gov/Archives/edgar/data/109198/000010919821000006/0000109198-21-000006-index.html
TJX,109198,"The TJX Companies, Inc.",2021-01-31,2022-01-29,2022-03-30,0000109198-22-000008,364,3057485000.0,3282815000.0,NetIncomeLoss,28461458000.0,0.10742545234330582,24.07181665809212,0.007917022381636246,https://www.sec.gov/Archives/edgar/data/109198/000010919822000008/0000109198-22-000008-index.html
TJX,109198,"The TJX Companies, Inc.",2022-01-30,2023-01-28,2023-03-29,0000109198-23-000004,364,4084000000.0,3498000000.0,NetIncomeLoss,28349000000.0,0.1440615189248298,24.067857593129446,-0.020670923136618575,https://www.sec.gov/Archives/edgar/data/109198/000010919823000004/0000109198-23-000004-index.html
TJX,109198,"The TJX Companies, Inc.",2023-01-29,2024-02-03,2024-04-03,0000109198-24-000014,371,6057000000.0,4474000000.0,NetIncomeLoss,29747000000.0,0.20361717147947692,24.115994123517186,-0.053215450297508994,https://www.sec.gov/Archives/edgar/data/109198/000010919824000014/0000109198-24-000014-index.html
TJX,109198,"The TJX Companies, Inc.",2024-02-04,2025-02-01,2025-04-02,0000109198-25-000010,364,6116000000.0,4864000000.0,NetIncomeLoss,31749000000.0,0.19263598853507197,24.18112706572611,-0.03943431289174462,https://www.sec.gov/Archives/edgar/data/109198/000010919825000010/0000109198-25-000010-index.html
WMT,104169,WALMART INC.,2009-02-01,2010-01-31,2010-03-30,0001193125-10-071652,365,26249000000.0,14848000000.0,ProfitLoss,170706000000.0,0.15376729581854182,25.863208615513965,-0.06678734197977809,https://www.sec.gov/Archives/edgar/data/104169/000119312510071652/0001193125-10-071652-index.html
WMT,104169,WALMART INC.,2010-02-01,2011-01-31,2011-03-30,0001193125-11-083157,365,23643000000.0,16993000000.0,ProfitLoss,180663000000.0,0.1308679696451404,25.919899254309044,-0.03680886512456895,https://www.sec.gov/Archives/edgar/data/104169/000119312511083157/0001193125-11-083157-index.html
WMT,104169,WALMART INC.,2011-02-01,2012-01-31,2012-03-27,0001193125-12-134679,365,24255000000.0,16387000000.0,ProfitLoss,193406000000.0,0.12540975977994478,25.98805744326928,-0.04068126118114226,https://www.sec.gov/Archives/edgar/data/104169/000119312512134679/0001193125-12-134679-index.html
WMT,104169,WALMART INC.,2012-02-01,2013-01-31,2013-03-26,0000104169-13-000011,366,25591000000.0,17756000000.0,ProfitLoss,203105000000.0,0.12599886758080794,26.036988923644294,-0.03857610595504788,https://www.sec.gov/Archives/edgar/data/104169/000010416913000011/0000104169-13-000011-index.html
WMT,104169,WALMART INC.,2013-02-01,2014-01-31,2014-03-21,0000104169-14-000019,365,23257000000.0,16695000000.0,ProfitLoss,204751000000.0,0.11358674682907531,26.045060443672547,-0.0320486835229132,https://www.sec.gov/Archives/edgar/data/104169/000010416914000019/0000104169-14-000019-index.html
WMT,104169,WALMART INC.,2014-02-01,2015-01-31,2015-04-01,0000104169-15-000011,365,28564000000.0,17099000000.0,ProfitLoss,203706000000.0,0.14022169204638057,26.03994361482638,-0.05628209282004457,https://www.sec.gov/Archives/edgar/data/104169/000010416915000011/0000104169-15-000011-index.html
WMT,104169,WALMART INC.,2015-02-01,2016-01-31,2016-03-30,0000104169-16-000079,365,27389000000.0,15080000000.0,ProfitLoss,199581000000.0,0.13723250209188248,26.01948600591212,-0.06167420746463842,https://www.sec.gov/Archives/edgar/data/104169/000010416916000079/0000104169-16-000079-index.html
WMT,104169,WALMART INC.,2016-02-01,2017-01-31,2017-03-31,0000104169-17-000021,366,31530000000.0,14293000000.0,ProfitLoss,198825000000.0,0.15858166729536025,26.01569087778961,-0.08669432918395574,https://www.sec.gov/Archives/edgar/data/104169/000010416917000021/0000104169-17-000021-index.html
WMT,104169,WALMART INC.,2017-02-01,2018-01-31,2018-03-30,0000104169-18-000028,365,28337000000.0,10523000000.0,ProfitLoss,204522000000.0,0.13855233177848839,26.043941386105114,-0.08710065420834923,https://www.sec.gov/Archives/edgar/data/104169/000010416918000028/0000104169-18-000028-index.html
WMT,104169,WALMART INC.,2018-02-01,2019-01-31,2019-03-28,0000104169-19-000016,365,27753000000.0,7179000000.0,ProfitLoss,219295000000.0,0.12655555302218474,26.11368369229273,-0.09381882851866208,https://www.sec.gov/Archives/edgar/data/104169/000010416919000016/0000104169-19-000016-index.html
WMT,104169,WALMART INC.,2019-02-01,2020-01-31,2020-03-20,0000104169-20-000011,365,25255000000.0,15201000000.0,ProfitLoss,236495000000.0,0.10678872703439819,26.189192903005864,-0.04251252669189624,https://www.sec.gov/Archives/edgar/data/104169/000010416920000011/0000104169-20-000011-index.html
WMT,104169,WALMART INC.,2020-02-01,2021-01-31,2021-03-19,0000104169-21-000033,366,36074000000.0,13706000000.0,ProfitLoss,252496000000.0,0.14286959001330715,26.25466124395219,-0.08858754198086306,https://www.sec.gov/Archives/edgar/data/104169/000010416921000033/0000104169-21-000033-index.html
WMT,104169,WALMART INC.,2021-02-01,2022-01-31,2022-03-18,0000104169-22-000012,365,24181000000.0,13940000000.0,ProfitLoss,244860000000.0,0.09875439026382422,26.22395245559218,-0.04182389937106918,https://www.sec.gov/Archives/edgar/data/104169/000010416922000012/0000104169-22-000012-index.html
WMT,104169,WALMART INC.,2022-02-01,2023-01-31,2023-03-17,0000104169-23-000020,365,28841000000.0,11292000000.0,ProfitLoss,243197000000.0,0.11859110104154245,26.217137651436023,-0.0721596072319971,https://www.sec.gov/Archives/edgar/data/104169/000010416923000020/0000104169-23-000020-index.html
WMT,104169,WALMART INC.,2023-02-01,2024-01-31,2024-03-15,0000104169-24-000056,365,35726000000.0,16270000000.0,ProfitLoss,252399000000.0,0.1415457272017718,26.254277005640485,-0.07708429906616111,https://www.sec.gov/Archives/edgar/data/104169/000010416924000056/0000104169-24-000056-index.html
WMT,104169,WALMART INC.,2024-02-01,2025-01-31,2025-03-14,0000104169-25-000021,366,36443000000.0,20157000000.0,ProfitLoss,260823000000.0,0.13972310724130924,26.287107853294433,-0.06244081235167144,https://www.sec.gov/Archives/edgar/data/104169/000010416925000021/0000104169-25-000021-index.html
YUM,1041061,"YUM! BRANDS, INC.",2009-12-27,2010-12-25,2011-02-15,0001041061-11-000009,364,1968000000.0,1178000000.0,ProfitLoss,8316000000.0,0.23665223665223664,22.841447206942178,-0.094997594997595,https://www.sec.gov/Archives/edgar/data/1041061/000104106111000009/0001041061-11-000009-index.html
YUM,1041061,"YUM! BRANDS, INC.",2010-12-26,2011-12-31,2012-02-21,0001041061-12-000005,371,2170000000.0,1335000000.0,ProfitLoss,8834000000.0,0.24564183835182252,22.901873750120746,-0.09452116821371973,https://www.sec.gov/Archives/edgar/data/1041061/000104106112000005/0001041061-12-000005-index.html
YUM,1041061,"YUM! BRANDS, INC.",2012-01-01,2012-12-29,2013-02-20,0001041061-13-000007,364,2294000000.0,1608000000.0,ProfitLoss,9011000000.0,0.2545777383198313,22.92171189019931,-0.07612917545222506,https://www.sec.gov/Archives/edgar/data/1041061/000104106113000007/0001041061-13-000007-index.html
YUM,1041061,"YUM! BRANDS, INC.",2012-12-30,2013-12-28,2014-02-18,0001041061-14-000007,364,2139000000.0,1064000000.0,ProfitLoss,8695000000.0,0.2460034502587694,22.88601398475266,-0.12363427257044278,https://www.sec.gov/Archives/edgar/data/1041061/000104106114000007/0001041061-14-000007-index.html
YUM,1041061,"YUM! BRANDS, INC.",2013-12-29,2014-12-27,2015-02-17,0001041061-15-000007,364,2049000000.0,1021000000.0,ProfitLoss,8345000000.0,0.24553624925104853,22.844928394060208,-0.1231875374475734,https://www.sec.gov/Archives/edgar/data/1041061/000104106115000007/0001041061-15-000007-index.html
YUM,1041061,"YUM! BRANDS, INC.",2014-12-28,2015-12-26,2016-02-16,0001041061-16-000056,364,2139000000.0,1293000000.0,NetIncomeLoss,8075000000.0,0.26489164086687306,22.81203870605513,-0.10476780185758514,https://www.sec.gov/Archives/edgar/data/1041061/000104106116000056/0001041061-16-000056-index.html
YUM,1041061,"YUM! BRANDS, INC.",2019-01-01,2019-12-31,2020-02-20,0001041061-20-000015,365,1315000000.0,1294000000.0,NetIncomeLoss,5231000000.0,0.25138596826610593,22.377868301334885,-0.004014528770789524,https://www.sec.gov/Archives/edgar/data/1041061/000104106120000015/0001041061-20-000015-index.html
YUM,1041061,"YUM! BRANDS, INC.",2020-01-01,2020-12-31,2021-02-22,0001041061-21-000012,366,1305000000.0,904000000.0,NetIncomeLoss,5852000000.0,0.2230006835269993,22.49004932010429,-0.06852358168147642,https://www.sec.gov/Archives/edgar/data/1041061/000104106121000012/0001041061-21-000012-index.html
YUM,1041061,"YUM! BRANDS, INC.",2021-01-01,2021-12-31,2022-02-23,0001041061-22-000009,365,1706000000.0,1575000000.0,NetIncomeLoss,5966000000.0,0.2859537378478042,22.509342523038967,-0.021957760643647337,https://www.sec.gov/Archives/edgar/data/1041061/000104106122000009/0001041061-22-000009-index.html
YUM,1041061,"YUM! BRANDS, INC.",2022-01-01,2022-12-31,2023-02-27,0001041061-23-000009,365,1427000000.0,1325000000.0,NetIncomeLoss,5846000000.0,0.2440985289086555,22.489023503635465,-0.017447827574409852,https://www.sec.gov/Archives/edgar/data/1041061/000104106123000009/0001041061-23-000009-index.html
YUM,1041061,"YUM! BRANDS, INC.",2023-01-01,2023-12-31,2024-02-20,0001041061-24-000011,365,1603000000.0,1597000000.0,NetIncomeLoss,6231000000.0,0.25726207671320817,22.552802670508495,-0.0009629272989889263,https://www.sec.gov/Archives/edgar/data/1041061/000104106124000011/0001041061-24-000011-index.html
YUM,1041061,"YUM! BRANDS, INC.",2024-01-01,2024-12-31,2025-02-19,0001041061-25-000013,366,1689000000.0,1486000000.0,NetIncomeLoss,6727000000.0,0.25107774639512415,22.62939511598988,-0.030176899063475548,https://www.sec.gov/Archives/edgar/data/1041061/000104106125000013/0001041061-25-000013-index.html
