model,bin,n,mean_prediction,event_rate
prevalence,"(-0.001, 0.2]",53,0.18797477757513387,0.32075471698113206
prevalence,"(0.2, 0.4]",77,0.2602417868646812,0.3246753246753247
logit_controls,"(-0.001, 0.2]",76,0.1320630559380363,0.21052631578947367
logit_controls,"(0.2, 0.4]",45,0.2859487159364841,0.4222222222222222
logit_controls,"(0.4, 0.6]",8,0.47162468916924366,0.75
logit_controls,"(0.8, 1.0]",1,0.8919195499825852,1.0
logit_accruals,"(-0.001, 0.2]",76,0.11409548335912155,0.19736842105263158
logit_accruals,"(0.2, 0.4]",42,0.27549201970401543,0.4523809523809524
logit_accruals,"(0.4, 0.6]",9,0.4887797931768275,0.5555555555555556
logit_accruals,"(0.6, 0.8]",1,0.715593312680815,1.0
logit_accruals,"(0.8, 1.0]",2,0.9291017085806798,1.0
tree_accruals,"(-0.001, 0.2]",63,0.07905694352190104,0.23809523809523808
tree_accruals,"(0.2, 0.4]",48,0.2939274267399267,0.3333333333333333
tree_accruals,"(0.4, 0.6]",17,0.5001022120947853,0.5294117647058824
tree_accruals,"(0.6, 0.8]",2,0.65,1.0
