year,model,feature,standardized_coefficient
2018,logit_controls,cfo_assets,0.7920847671063894
2018,logit_controls,log_assets,0.08860581520301364
2018,logit_accruals,cfo_assets,0.35253804120458426
2018,logit_accruals,log_assets,0.047821823444102324
2018,logit_accruals,accruals_assets,-0.8256301768658159
2019,logit_controls,cfo_assets,0.7170940884431113
2019,logit_controls,log_assets,0.2464872766017856
2019,logit_accruals,cfo_assets,0.291131382212213
2019,logit_accruals,log_assets,0.23061588477695197
2019,logit_accruals,accruals_assets,-0.8349265789860636
2020,logit_controls,cfo_assets,0.8081964438924925
2020,logit_controls,log_assets,0.24002092838490124
2020,logit_accruals,cfo_assets,0.34744680316367266
2020,logit_accruals,log_assets,0.16630667022665324
2020,logit_accruals,accruals_assets,-0.8165185389773412
2021,logit_controls,cfo_assets,0.9021040691323122
2021,logit_controls,log_assets,0.16754327666083943
2021,logit_accruals,cfo_assets,0.6503891884510654
2021,logit_accruals,log_assets,0.18008882773199486
2021,logit_accruals,accruals_assets,-0.7464947852842949
2022,logit_controls,cfo_assets,0.8883341950073446
2022,logit_controls,log_assets,0.08126237436014926
2022,logit_accruals,cfo_assets,0.6725238373253021
2022,logit_accruals,log_assets,0.07830531366027489
2022,logit_accruals,accruals_assets,-0.5935408534464428
2023,logit_controls,cfo_assets,0.8169137620692312
2023,logit_controls,log_assets,0.1314568961180923
2023,logit_accruals,cfo_assets,0.5590031346020414
2023,logit_accruals,log_assets,0.1262342514653837
2023,logit_accruals,accruals_assets,-0.7424158719471675
2024,logit_controls,cfo_assets,0.8498161153590624
2024,logit_controls,log_assets,0.14305594407496308
2024,logit_accruals,cfo_assets,0.6439075798391343
2024,logit_accruals,log_assets,0.14386224822263297
2024,logit_accruals,accruals_assets,-0.6021866832191067
