ticker,cik,company,start,end,filed,accn,period_days,cfo,net_income,income_tag,assets,cfo_assets,log_assets,accruals_assets,filing_url,label_filed,next_end,next_accn,next_cfo_assets,next_cfo,next_income_tag,change_cfo_assets,target,test_year,prevalence,logit_controls,logit_accruals,tree_accruals
KMB,55785,KIMBERLY-CLARK CORPORATION,2017-01-01,2017-12-31,2018-02-08,0000055785-18-000014,365,2929000000.0,2319000000.0,ProfitLoss,15151000000.0,0.19332057289947857,23.44133237332411,-0.040261368886542144,https://www.sec.gov/Archives/edgar/data/55785/000005578518000014/0000055785-18-000014-index.html,2019-02-07,2018-12-31,0000055785-19-000013,0.20457363273178122,2970000000.0,ProfitLoss,0.011253059832302653,0,2018,0.18947368421052632,0.187862646315568,0.13318330905980047,0.13043478260869565
PEP,77476,"PepsiCo, Inc.",2017-01-01,2017-12-30,2018-02-13,0000077476-18-000012,364,9994000000.0,4908000000.0,ProfitLoss,79804000000.0,0.12523181795398727,25.102839465459226,-0.06373114129617563,https://www.sec.gov/Archives/edgar/data/77476/000007747618000012/0000077476-18-000012-index.html,2019-02-15,2018-12-29,0000077476-19-000017,0.12125231815371935,9415000000.0,ProfitLoss,-0.003979499800267919,0,2018,0.18947368421052632,0.10557943229246808,0.15243757451776313,0.13043478260869565
CL,21665,COLGATE-PALMOLIVE COMPANY,2017-01-01,2017-12-31,2018-02-15,0000021665-18-000003,365,3054000000.0,2174000000.0,ProfitLoss,12676000000.0,0.24092773745661092,23.262976278775085,-0.06942253076680341,https://www.sec.gov/Archives/edgar/data/21665/000002166518000003/0000021665-18-000003-index.html,2019-02-21,2018-12-31,0000021665-19-000003,0.25129512375627006,3056000000.0,ProfitLoss,0.010367386299659137,0,2018,0.18947368421052632,0.285407686690871,0.25376118068681525,0.4444444444444444
KO,21344,COCA COLA CO,2017-01-01,2017-12-31,2018-02-23,0000021344-18-000008,365,6995000000.0,1283000000.0,ProfitLoss,87896000000.0,0.07958268863201966,25.19942013434499,-0.06498589241831255,https://www.sec.gov/Archives/edgar/data/21344/000002134418000008/0000021344-18-000008-index.html,2019-02-21,2018-12-31,0000021344-19-000014,0.08796385310517209,7320000000.0,ProfitLoss,0.00838116447315243,0,2018,0.18947368421052632,0.06500052268618306,0.12710906659394436,0.4444444444444444
MCD,63908,McDONALD’S CORPORATION,2017-01-01,2017-12-31,2018-02-23,0000063908-18-000010,365,5551200000.0,5192300000.0,NetIncomeLoss,33803700000.0,0.16421870978620684,24.24383610089988,-0.010617180959480766,https://www.sec.gov/Archives/edgar/data/63908/000006390818000010/0000063908-18-000010-index.html,2019-02-22,2018-12-31,0000063908-19-000010,0.2123268883795777,6966700000.0,NetIncomeLoss,0.048108178593370854,0,2018,0.18947368421052632,0.14875701886910003,0.07216638847736916,0.13043478260869565
DLTR,935703,"DOLLAR TREE, INC.",2017-01-29,2018-02-03,2018-03-16,0000935703-18-000013,371,1510200000.0,1714300000.0,NetIncomeLoss,16332800000.0,0.09246424373040753,23.51644119279458,0.012496326410658308,https://www.sec.gov/Archives/edgar/data/935703/000093570318000013/0000935703-18-000013-index.html,2019-03-27,2019-02-02,0000935703-19-000024,0.1308031878647824,1766000000.0,NetIncomeLoss,0.03833894413437487,0,2018,0.18947368421052632,0.06633841645422957,0.03236480790377658,0.0
HD,354950,"The Home Depot, Inc.",2017-01-30,2018-01-28,2018-03-22,0000354950-18-000019,364,12031000000.0,8630000000.0,NetIncomeLoss,44529000000.0,0.2701834759370298,24.519406499257148,-0.07637719239147522,https://www.sec.gov/Archives/edgar/data/354950/000035495018000019/0000354950-18-000019-index.html,2019-03-28,2019-02-03,0000354950-19-000010,0.2962979796832034,13038000000.0,NetIncomeLoss,0.026114503746173634,0,2018,0.18947368421052632,0.3829862612135906,0.3226874004578253,0.4444444444444444
DG,29534,DOLLAR GENERAL CORP,2017-02-04,2018-02-02,2018-03-23,0001558370-18-002366,364,1802108000.0,1538960000.0,ProfitLoss,12516911000.0,0.14397386064341275,23.25034644693707,-0.02102339786549573,https://www.sec.gov/Archives/edgar/data/29534/000155837018002366/0001558370-18-002366-index.html,2019-03-22,2019-02-01,0001558370-19-002383,0.16234049008341236,2143550000.0,ProfitLoss,0.018366629439999616,0,2018,0.18947368421052632,0.11314166670285197,0.07558157601640104,0.13043478260869565
WMT,104169,WALMART INC.,2017-02-01,2018-01-31,2018-03-30,0000104169-18-000028,365,28337000000.0,10523000000.0,ProfitLoss,204522000000.0,0.13855233177848839,26.043941386105114,-0.08710065420834923,https://www.sec.gov/Archives/edgar/data/104169/000010416918000028/0000104169-18-000028-index.html,2019-03-28,2019-01-31,0000104169-19-000016,0.12655555302218474,27753000000.0,ProfitLoss,-0.011996778756303644,0,2018,0.18947368421052632,0.12925906765102504,0.23797036270886074,0.4444444444444444
BBY,764478,"Best Buy Co., Inc.",2017-01-29,2018-02-03,2018-04-02,0000764478-18-000013,371,2141000000.0,1000000000.0,NetIncomeLoss,13049000000.0,0.1640738753927504,23.29197733942652,-0.0874396505479347,https://www.sec.gov/Archives/edgar/data/764478/000076447818000013/0000764478-18-000013-index.html,2019-03-28,2019-02-02,0000764478-19-000009,0.18665219750406944,2408000000.0,NetIncomeLoss,0.02257832211131905,0,2018,0.18947368421052632,0.13950115104463534,0.2426363531010499,0.4444444444444444
LOW,60667,LOWES COMPANIES INC,2017-02-04,2018-02-02,2018-04-02,0000060667-18-000051,364,5065000000.0,3447000000.0,ProfitLoss,35291000000.0,0.14352101102264034,24.28689381087139,-0.04584738318551472,https://www.sec.gov/Archives/edgar/data/60667/000006066718000051/0000060667-18-000051-index.html,2019-04-02,2019-02-01,0000060667-19-000042,0.17946563115799236,6193000000.0,ProfitLoss,0.03594462013535202,0,2018,0.18947368421052632,0.12084084933486475,0.11996679520713745,0.13043478260869565
KR,56873,KROGER CO,2017-01-29,2018-02-03,2018-04-03,0001558370-18-002753,371,3413000000.0,1889000000.0,ProfitLoss,37197000000.0,0.0917547114014571,24.339493949812226,-0.04097104605210097,https://www.sec.gov/Archives/edgar/data/56873/000155837018002753/0001558370-18-002753-index.html,2019-04-02,2019-02-02,0001558370-19-002756,0.10923972926176609,4164000000.0,ProfitLoss,0.017485017860308982,0,2018,0.18947368421052632,0.0698326281199674,0.08675253800211483,0.0
ROST,745732,"Ross Stores, Inc.",2017-01-29,2018-02-03,2018-04-03,0000745732-18-000004,371,1681278000.0,1362753000.0,NetIncomeLoss,5722051000.0,0.2938243647251659,22.467593144502104,-0.05566622877006863,https://www.sec.gov/Archives/edgar/data/745732/000074573218000004/0000745732-18-000004-index.html,2019-04-02,2019-02-02,0000745732-19-000009,0.34026706330631573,2066677000.0,NetIncomeLoss,0.046442698581149855,0,2018,0.18947368421052632,0.4116935237204754,0.2505739139035824,0.13043478260869565
NKE,320187,"NIKE, Inc.",2017-06-01,2018-05-31,2018-07-25,0000320187-18-000142,365,4955000000.0,1933000000.0,NetIncomeLoss,22536000000.0,0.21987042953496627,23.838379867520484,-0.13409655662051828,https://www.sec.gov/Archives/edgar/data/320187/000032018718000142/0000320187-18-000142-index.html,2019-07-23,2019-05-31,0000320187-19-000051,0.2488931989712021,5903000000.0,NetIncomeLoss,0.02902276943623583,0,2018,0.18947368421052632,0.24580597078679406,0.5151858077603192,0.4444444444444444
PG,80424,The Procter & Gamble Company,2017-07-01,2018-06-30,2018-08-07,0000080424-18-000055,365,14867000000.0,9861000000.0,ProfitLoss,118310000000.0,0.1256613980221452,25.496574135211983,-0.04231256867551348,https://www.sec.gov/Archives/edgar/data/80424/000008042418000055/0000080424-18-000055-index.html,2019-08-06,2019-06-30,0000080424-19-000050,0.13242973196055433,15242000000.0,ProfitLoss,0.006768333938409116,0,2018,0.18947368421052632,0.10896878236937296,0.10881419392902518,0.13043478260869565
SBUX,829224,Starbucks Corporation,2017-10-02,2018-09-30,2018-11-16,0000829224-18-000052,364,11937800000.0,4518000000.0,ProfitLoss,24156400000.0,0.49418787567683925,23.90781519228792,-0.30715669553410274,https://www.sec.gov/Archives/edgar/data/829224/000082922418000052/0000829224-18-000052-index.html,2019-11-15,2019-09-29,0000829224-19-000051,0.2625965160565256,5047000000.0,ProfitLoss,-0.23159135962031363,1,2018,0.18947368421052632,0.8919195499825852,0.9916691995033102,0.4444444444444444
KMB,55785,KIMBERLY-CLARK CORPORATION,2018-01-01,2018-12-31,2019-02-07,0000055785-19-000013,365,2970000000.0,1445000000.0,ProfitLoss,14518000000.0,0.20457363273178122,23.398655095809062,-0.10504201680672269,https://www.sec.gov/Archives/edgar/data/55785/000005578519000013/0000055785-19-000013-index.html,2020-02-13,2019-12-31,0000055785-20-000016,0.17902244323758423,2736000000.0,ProfitLoss,-0.02555118949419699,1,2019,0.19626168224299065,0.20556238397735638,0.3585985109077679,0.3125
PEP,77476,"PepsiCo, Inc.",2017-12-31,2018-12-29,2019-02-15,0000077476-19-000017,364,9415000000.0,12559000000.0,ProfitLoss,77648000000.0,0.12125231815371935,25.075451629609272,0.040490418297960025,https://www.sec.gov/Archives/edgar/data/77476/000007747619000017/0000077476-19-000017-index.html,2020-02-13,2019-12-28,0000077476-20-000015,0.12284364775230117,9649000000.0,ProfitLoss,0.0015913295985818116,0,2019,0.19626168224299065,0.13274318037810595,0.031487511239468,0.14035087719298245
CL,21665,COLGATE-PALMOLIVE COMPANY,2018-01-01,2018-12-31,2019-02-21,0000021665-19-000003,365,3056000000.0,2558000000.0,ProfitLoss,12161000000.0,0.25129512375627006,23.221499946945272,-0.04095057972206233,https://www.sec.gov/Archives/edgar/data/21665/000002166519000003/0000021665-19-000003-index.html,2020-02-21,2019-12-31,0000021665-20-000004,0.20839430623919117,3133000000.0,ProfitLoss,-0.04290081751707889,1,2019,0.19626168224299065,0.2905933204230819,0.15993572087466282,0.0
KO,21344,COCA COLA CO,2018-01-01,2018-12-31,2019-02-21,0000021344-19-000014,365,7320000000.0,6476000000.0,ProfitLoss,83216000000.0,0.08796385310517209,25.144705473977126,-0.010142280330705633,https://www.sec.gov/Archives/edgar/data/21344/000002134419000014/0000021344-19-000014-index.html,2020-02-24,2019-12-31,0000021344-20-000006,0.12121878653870642,10471000000.0,ProfitLoss,0.033254933433534334,0,2019,0.19626168224299065,0.09827521157633232,0.07084578477905269,0.14035087719298245
MCD,63908,McDONALD’S CORPORATION,2018-01-01,2018-12-31,2019-02-22,0000063908-19-000010,365,6966700000.0,5924300000.0,NetIncomeLoss,32811200000.0,0.2123268883795777,24.21403575746578,-0.031769639635246504,https://www.sec.gov/Archives/edgar/data/63908/000006390819000010/0000063908-19-000010-index.html,2020-02-26,2019-12-31,0000063908-20-000022,0.17095270969968934,8122100000.0,NetIncomeLoss,-0.04137417867988835,1,2019,0.19626168224299065,0.2510503886692859,0.14129304465088677,0.0
DG,29534,DOLLAR GENERAL CORP,2018-02-03,2019-02-01,2019-03-22,0001558370-19-002383,364,2143550000.0,1589472000.0,ProfitLoss,13204038000.0,0.16234049008341236,23.303788528849,-0.04196276926800726,https://www.sec.gov/Archives/edgar/data/29534/000155837019002383/0001558370-19-002383-index.html,2020-03-19,2020-01-31,0001558370-20-002915,0.09804993488742474,2237998000.0,ProfitLoss,-0.06429055519598763,1,2019,0.19626168224299065,0.13916239130882185,0.1184576503105231,0.14035087719298245
DLTR,935703,"DOLLAR TREE, INC.",2018-02-04,2019-02-02,2019-03-27,0000935703-19-000024,364,1766000000.0,-1590800000.0,NetIncomeLoss,13501200000.0,0.1308031878647824,23.326044407329302,-0.24862975142950255,https://www.sec.gov/Archives/edgar/data/935703/000093570319000024/0000935703-19-000024-index.html,2020-03-20,2020-02-01,0000935703-20-000006,0.0955217475708316,1869800000.0,NetIncomeLoss,-0.035281440293950805,1,2019,0.19626168224299065,0.10401485536298095,0.8665342176580493,0.3125
BBY,764478,"Best Buy Co., Inc.",2018-02-04,2019-02-02,2019-03-28,0000764478-19-000009,364,2408000000.0,1464000000.0,NetIncomeLoss,12901000000.0,0.18665219750406944,23.28057066468941,-0.07317262227734284,https://www.sec.gov/Archives/edgar/data/764478/000076447819000009/0000764478-19-000009-index.html,2020-03-23,2020-02-01,0000764478-20-000017,0.16451799114873966,2565000000.0,NetIncomeLoss,-0.022134206355329783,1,2019,0.19626168224299065,0.17245687104910196,0.21397054230859255,0.3125
HD,354950,"The Home Depot, Inc.",2018-01-29,2019-02-03,2019-03-28,0000354950-19-000010,371,13038000000.0,11121000000.0,NetIncomeLoss,44003000000.0,0.2962979796832034,24.50752365035858,-0.0435652114628548,https://www.sec.gov/Archives/edgar/data/354950/000035495019000010/0000354950-19-000010-index.html,2020-03-25,2020-02-02,0000354950-20-000015,0.26783901943945665,13723000000.0,NetIncomeLoss,-0.028458960243746778,1,2019,0.19626168224299065,0.46627551905129927,0.2398990081703278,0.0
WMT,104169,WALMART INC.,2018-02-01,2019-01-31,2019-03-28,0000104169-19-000016,365,27753000000.0,7179000000.0,ProfitLoss,219295000000.0,0.12655555302218474,26.11368369229273,-0.09381882851866208,https://www.sec.gov/Archives/edgar/data/104169/000010416919000016/0000104169-19-000016-index.html,2020-03-20,2020-01-31,0000104169-20-000011,0.10678872703439819,25255000000.0,ProfitLoss,-0.01976682598778655,0,2019,0.19626168224299065,0.16854546311136195,0.3572259818916762,0.3125
KR,56873,KROGER CO,2018-02-04,2019-02-02,2019-04-02,0001558370-19-002756,364,4164000000.0,3078000000.0,ProfitLoss,38118000000.0,0.10923972926176609,24.363952448458864,-0.028490476940028334,https://www.sec.gov/Archives/edgar/data/56873/000155837019002756/0001558370-19-002756-index.html,2020-04-01,2020-02-01,0001558370-20-003501,0.1030581580342938,4664000000.0,ProfitLoss,-0.006181571227472288,0,2019,0.19626168224299065,0.10352121362698521,0.09248194654273621,0.14035087719298245
LOW,60667,LOWES COMPANIES INC,2018-02-03,2019-02-01,2019-04-02,0000060667-19-000042,364,6193000000.0,2314000000.0,ProfitLoss,34508000000.0,0.17946563115799236,24.264457018160744,-0.11240871681928828,https://www.sec.gov/Archives/edgar/data/60667/000006066719000042/0000060667-19-000042-index.html,2020-03-23,2020-01-31,0000060667-20-000036,0.1088394010792734,4296000000.0,ProfitLoss,-0.07062623007871896,1,2019,0.19626168224299065,0.19276274046404335,0.4080621337567358,0.3125
ROST,745732,"Ross Stores, Inc.",2018-02-04,2019-02-02,2019-04-02,0000745732-19-000009,364,2066677000.0,1587457000.0,NetIncomeLoss,6073691000.0,0.34026706330631573,22.527232329704297,-0.0789009516618478,https://www.sec.gov/Archives/edgar/data/745732/000074573219000009/0000745732-19-000009-index.html,2020-03-31,2020-02-01,0000745732-20-000016,0.23229147935676894,2171546000.0,NetIncomeLoss,-0.10797558394954679,1,2019,0.19626168224299065,0.4763016154088365,0.336691666840942,0.5333333333333333
TJX,109198,"The TJX Companies, Inc.",2018-02-04,2019-02-02,2019-04-03,0001628280-19-003834,364,4088459000.0,3059798000.0,NetIncomeLoss,14326029000.0,0.28538676000167246,23.38534392942812,-0.07180363797951267,https://www.sec.gov/Archives/edgar/data/109198/000162828019003834/0001628280-19-003834-index.html,2020-03-27,2020-02-01,0000109198-20-000004,0.16842159845662474,4066540000.0,NetIncomeLoss,-0.11696516154504771,1,2019,0.19626168224299065,0.37896673341180365,0.29327402219077875,0.5333333333333333
NKE,320187,"NIKE, Inc.",2018-06-01,2019-05-31,2019-07-23,0000320187-19-000051,365,5903000000.0,4029000000.0,NetIncomeLoss,23717000000.0,0.2488931989712021,23.88945792752917,-0.07901505249399166,https://www.sec.gov/Archives/edgar/data/320187/000032018719000051/0000320187-19-000051-index.html,2020-07-24,2020-05-31,0000320187-20-000047,0.0792865803075745,2485000000.0,NetIncomeLoss,-0.16960661866362758,1,2019,0.19626168224299065,0.3156830401517685,0.3109941765611854,0.5333333333333333
PG,80424,The Procter & Gamble Company,2018-07-01,2019-06-30,2019-08-06,0000080424-19-000050,365,15242000000.0,3966000000.0,ProfitLoss,115095000000.0,0.13242973196055433,25.469023711244148,-0.09797124114861636,https://www.sec.gov/Archives/edgar/data/80424/000008042419000050/0000080424-19-000050-index.html,2020-08-06,2020-06-30,0000080424-20-000053,0.14418392709196354,17403000000.0,ProfitLoss,0.011754195131409212,0,2019,0.19626168224299065,0.15805531446600748,0.35163637318345714,0.3125
COST,909832,COSTCO WHOLESALE CORP /NEW,2018-09-03,2019-09-01,2019-10-11,0000909832-19-000019,364,6356000000.0,3704000000.0,ProfitLoss,45400000000.0,0.14,24.538777941993715,-0.05841409691629956,https://www.sec.gov/Archives/edgar/data/909832/000090983219000019/0000909832-19-000019-index.html,2020-10-07,2020-08-30,0000909832-20-000017,0.1594967240262078,8861000000.0,ProfitLoss,0.01949672402620778,0,2019,0.19626168224299065,0.14267571625074704,0.1773001564895806,0.14035087719298245
SBUX,829224,Starbucks Corporation,2018-10-01,2019-09-29,2019-11-15,0000829224-19-000051,364,5047000000.0,3594600000.0,ProfitLoss,19219600000.0,0.2625965160565256,23.679196428617466,-0.07556869029532352,https://www.sec.gov/Archives/edgar/data/829224/000082922419000051/0000829224-19-000051-index.html,2020-11-12,2020-09-27,0000829224-20-000078,0.05439411734667824,1597800000.0,ProfitLoss,-0.20820239870984739,1,2019,0.19626168224299065,0.3377872137828888,0.3003548451017123,0.5333333333333333
KMB,55785,KIMBERLY-CLARK CORPORATION,2019-01-01,2019-12-31,2020-02-13,0000055785-20-000016,365,2736000000.0,2197000000.0,ProfitLoss,15283000000.0,0.17902244323758423,23.45000693649211,-0.035267944775240465,https://www.sec.gov/Archives/edgar/data/55785/000005578520000016/0000055785-20-000016-index.html,2021-02-11,2020-12-31,0000055785-21-000016,0.2128060263653484,3729000000.0,ProfitLoss,0.033783583127764166,0,2020,0.17886178861788618,0.14506925861842965,0.10605402397329974,0.12121212121212122
PEP,77476,"PepsiCo, Inc.",2018-12-30,2019-12-28,2020-02-13,0000077476-20-000015,364,9649000000.0,7353000000.0,ProfitLoss,78547000000.0,0.12284364775230117,25.086963008684453,-0.02923090633633366,https://www.sec.gov/Archives/edgar/data/77476/000007747620000015/0000077476-20-000015-index.html,2021-02-11,2020-12-26,0000077476-21-000007,0.11421898878581115,10613000000.0,ProfitLoss,-0.00862465896649002,0,2020,0.17886178861788618,0.1142656379700245,0.09447347495732679,0.12121212121212122
YUM,1041061,"YUM! BRANDS, INC.",2019-01-01,2019-12-31,2020-02-20,0001041061-20-000015,365,1315000000.0,1294000000.0,NetIncomeLoss,5231000000.0,0.25138596826610593,22.377868301334885,-0.004014528770789524,https://www.sec.gov/Archives/edgar/data/1041061/000104106120000015/0001041061-20-000015-index.html,2021-02-22,2020-12-31,0001041061-21-000012,0.2230006835269993,1305000000.0,NetIncomeLoss,-0.02838528473910662,1,2020,0.17886178861788618,0.2318484081260377,0.07732841480861537,0.0
CL,21665,COLGATE-PALMOLIVE COMPANY,2019-01-01,2019-12-31,2020-02-21,0000021665-20-000004,365,3133000000.0,2527000000.0,ProfitLoss,15034000000.0,0.20839430623919117,23.43358013970169,-0.04030863376346947,https://www.sec.gov/Archives/edgar/data/21665/000002166520000004/0000021665-20-000004-index.html,2021-02-18,2020-12-31,0000021665-21-000007,0.23360552763819095,3719000000.0,ProfitLoss,0.025211221398999784,0,2020,0.17886178861788618,0.1900002318027155,0.1292934080983692,0.0
KO,21344,COCA COLA CO,2019-01-01,2019-12-31,2020-02-24,0000021344-20-000006,365,10471000000.0,8985000000.0,ProfitLoss,86381000000.0,0.12121878653870642,25.182033581165836,-0.017202857109781085,https://www.sec.gov/Archives/edgar/data/21344/000002134420000006/0000021344-20-000006-index.html,2021-02-25,2020-12-31,0000021344-21-000008,0.1127657624633431,9844000000.0,ProfitLoss,-0.008453024075363316,0,2020,0.17886178861788618,0.11450218533761193,0.07874577677679355,0.12121212121212122
MCD,63908,McDONALD’S CORPORATION,2019-01-01,2019-12-31,2020-02-26,0000063908-20-000022,365,8122100000.0,6025400000.0,NetIncomeLoss,47510800000.0,0.17095270969968934,24.584222890563776,-0.04413101863155325,https://www.sec.gov/Archives/edgar/data/63908/000006390820000022/0000063908-20-000022-index.html,2021-02-23,2020-12-31,0000063908-21-000013,0.11904960970456117,6265200000.0,NetIncomeLoss,-0.05190309999512817,1,2020,0.17886178861788618,0.16522577874610506,0.1358963649070912,0.12121212121212122
DG,29534,DOLLAR GENERAL CORP,2019-02-02,2020-01-31,2020-03-19,0001558370-20-002915,364,2237998000.0,1712555000.0,ProfitLoss,22825084000.0,0.09804993488742474,23.851125943595918,-0.023020419114339295,https://www.sec.gov/Archives/edgar/data/29534/000155837020002915/0001558370-20-002915-index.html,2021-03-19,2021-01-29,0001558370-21-003245,0.1498749314841371,3876159000.0,ProfitLoss,0.05182499659671237,0,2020,0.17886178861788618,0.06978813442637656,0.06480802381022381,0.12121212121212122
DLTR,935703,"DOLLAR TREE, INC.",2019-02-03,2020-02-01,2020-03-20,0000935703-20-000006,364,1869800000.0,827000000.0,NetIncomeLoss,19574600000.0,0.0955217475708316,23.697498644387167,-0.05327311924637029,https://www.sec.gov/Archives/edgar/data/935703/000093570320000006/0000935703-20-000006-index.html,2021-03-16,2021-01-30,0000935703-21-000014,0.13124758407421724,2716300000.0,NetIncomeLoss,0.03572583650338565,0,2020,0.17886178861788618,0.06591764383113399,0.10092696011839372,0.12121212121212122
WMT,104169,WALMART INC.,2019-02-01,2020-01-31,2020-03-20,0000104169-20-000011,365,25255000000.0,15201000000.0,ProfitLoss,236495000000.0,0.10678872703439819,26.189192903005864,-0.04251252669189624,https://www.sec.gov/Archives/edgar/data/104169/000010416920000011/0000104169-20-000011-index.html,2021-03-19,2021-01-31,0000104169-21-000033,0.14286959001330715,36074000000.0,ProfitLoss,0.03608086297890896,0,2020,0.17886178861788618,0.12027814478874567,0.12501626140107572,0.12121212121212122
BBY,764478,"Best Buy Co., Inc.",2019-02-03,2020-02-01,2020-03-23,0000764478-20-000017,364,2565000000.0,1541000000.0,NetIncomeLoss,15591000000.0,0.16451799114873966,23.469959661640825,-0.06567891732409724,https://www.sec.gov/Archives/edgar/data/764478/000076447820000017/0000764478-20-000017-index.html,2021-03-19,2021-01-30,0000764478-21-000024,0.2584045733466198,4927000000.0,NetIncomeLoss,0.09388658219788015,0,2020,0.17886178861788618,0.12662195118199188,0.157340406825101,0.23809523809523808
LOW,60667,LOWES COMPANIES INC,2019-02-02,2020-01-31,2020-03-23,0000060667-20-000036,364,4296000000.0,4281000000.0,ProfitLoss,39471000000.0,0.1088394010792734,24.39883206199822,-0.00038002584175723947,https://www.sec.gov/Archives/edgar/data/60667/000006066720000036/0000060667-20-000036-index.html,2021-03-22,2021-01-29,0000060667-21-000026,0.23641810206483363,11049000000.0,ProfitLoss,0.12757870098556023,0,2020,0.17886178861788618,0.08691239305178636,0.051018393849130726,0.12121212121212122
HD,354950,"The Home Depot, Inc.",2019-02-04,2020-02-02,2020-03-25,0000354950-20-000015,364,13723000000.0,11242000000.0,NetIncomeLoss,51236000000.0,0.26783901943945665,24.6597082469153,-0.04842298383948786,https://www.sec.gov/Archives/edgar/data/354950/000035495020000015/0000354950-20-000015-index.html,2021-03-24,2021-01-31,0000354950-21-000089,0.2669131919355067,18839000000.0,NetIncomeLoss,-0.0009258275039499275,0,2020,0.17886178861788618,0.3719469463581005,0.21400183684242421,0.0
TJX,109198,"The TJX Companies, Inc.",2019-02-03,2020-02-01,2020-03-27,0000109198-20-000004,364,4066540000.0,3272193000.0,NetIncomeLoss,24145003000.0,0.16842159845662474,23.907343280521236,-0.03289902262592388,https://www.sec.gov/Archives/edgar/data/109198/000010919820000004/0000109198-20-000004-index.html,2021-03-31,2021-01-30,0000109198-21-000006,0.14804812362611194,4561889000.0,NetIncomeLoss,-0.0203734748305128,1,2020,0.17886178861788618,0.1426310163913277,0.1038781907989358,0.12121212121212122
ROST,745732,"Ross Stores, Inc.",2019-02-03,2020-02-01,2020-03-31,0000745732-20-000016,364,2171546000.0,1660928000.0,NetIncomeLoss,9348367000.0,0.23229147935676894,22.95846751258708,-0.054621090507037215,https://www.sec.gov/Archives/edgar/data/745732/000074573220000016/0000745732-20-000016-index.html,2021-03-30,2021-01-30,0000745732-21-000017,0.17659667301128404,2245933000.0,NetIncomeLoss,-0.055694806345484904,1,2020,0.17886178861788618,0.2165555804219166,0.1653763974303858,0.0
KR,56873,KROGER CO,2019-02-03,2020-02-01,2020-04-01,0001558370-20-003501,364,4664000000.0,1512000000.0,ProfitLoss,45256000000.0,0.1030581580342938,24.535601094987264,-0.06964822343998586,https://www.sec.gov/Archives/edgar/data/56873/000155837020003501/0001558370-20-003501-index.html,2021-03-30,2021-01-30,0001558370-21-003706,0.1400476758045292,6815000000.0,ProfitLoss,0.0369895177702354,0,2020,0.17886178861788618,0.08417324634276888,0.14855810705681052,0.23809523809523808
NKE,320187,"NIKE, Inc.",2019-06-01,2020-05-31,2020-07-24,0000320187-20-000047,366,2485000000.0,2539000000.0,NetIncomeLoss,31342000000.0,0.0792865803075745,24.168224888047437,0.0017229277008487015,https://www.sec.gov/Archives/edgar/data/320187/000032018720000047/0000320187-20-000047-index.html,2021-07-20,2021-05-31,0000320187-21-000028,0.17639109697933228,6657000000.0,NetIncomeLoss,0.09710451667175778,0,2020,0.17886178861788618,0.06117624861507062,0.04168186756070747,0.12121212121212122
PG,80424,The Procter & Gamble Company,2019-07-01,2020-06-30,2020-08-06,0000080424-20-000053,366,17403000000.0,13103000000.0,ProfitLoss,120700000000.0,0.14418392709196354,25.516573965049897,-0.035625517812758904,https://www.sec.gov/Archives/edgar/data/80424/000008042420000053/0000080424-20-000053-index.html,2021-08-06,2021-06-30,0000080424-21-000100,0.1539809064011332,18371000000.0,ProfitLoss,0.009796979309169673,0,2020,0.17886178861788618,0.15216952900962263,0.12083027772945296,0.12121212121212122
COST,909832,COSTCO WHOLESALE CORP /NEW,2019-09-02,2020-08-30,2020-10-07,0000909832-20-000017,364,8861000000.0,4059000000.0,ProfitLoss,55556000000.0,0.1594967240262078,24.740657358000384,-0.08643530851753185,https://www.sec.gov/Archives/edgar/data/909832/000090983220000017/0000909832-20-000017-index.html,2021-10-06,2021-08-29,0000909832-21-000014,0.1511439562664507,8958000000.0,ProfitLoss,-0.008352767759757102,0,2020,0.17886178861788618,0.15266109027765326,0.2390445540236582,0.23809523809523808
SBUX,829224,Starbucks Corporation,2019-09-30,2020-09-27,2020-11-12,0000829224-20-000078,364,1597800000.0,924700000.0,ProfitLoss,29374500000.0,0.05439411734667824,24.103392787989275,-0.02291443258608657,https://www.sec.gov/Archives/edgar/data/829224/000082922420000078/0000829224-20-000078-index.html,2021-11-19,2021-10-03,0000829224-21-000086,0.1907806298299599,5989100000.0,ProfitLoss,0.13638651248328168,0,2020,0.17886178861788618,0.04643198540311485,0.055059601489737084,0.12121212121212122
KMB,55785,KIMBERLY-CLARK CORPORATION,2020-01-01,2020-12-31,2021-02-11,0000055785-21-000016,366,3729000000.0,2396000000.0,ProfitLoss,17523000000.0,0.2128060263653484,23.586780140672694,-0.07607144895280489,https://www.sec.gov/Archives/edgar/data/55785/000005578521000016/0000055785-21-000016-index.html,2022-02-10,2021-12-31,0000055785-22-000010,0.1530526433817346,2730000000.0,ProfitLoss,-0.059753382983613795,1,2021,0.24113475177304963,0.27852136164072866,0.30273463175911675,0.3333333333333333
PEP,77476,"PepsiCo, Inc.",2019-12-29,2020-12-26,2021-02-11,0000077476-21-000007,364,10613000000.0,7175000000.0,ProfitLoss,92918000000.0,0.11421898878581115,25.254983220725457,-0.037000365914031726,https://www.sec.gov/Archives/edgar/data/77476/000007747621000007/0000077476-21-000007-index.html,2022-02-10,2021-12-25,0000077476-22-000010,0.12574558602249478,11616000000.0,ProfitLoss,0.01152659723668363,0,2021,0.24113475177304963,0.12764670274498796,0.11554270876103385,0.16666666666666666
CL,21665,COLGATE-PALMOLIVE COMPANY,2020-01-01,2020-12-31,2021-02-18,0000021665-21-000007,366,3719000000.0,2860000000.0,ProfitLoss,15920000000.0,0.23360552763819095,23.49084201736265,-0.05395728643216081,https://www.sec.gov/Archives/edgar/data/21665/000002166521000007/0000021665-21-000007-index.html,2022-02-17,2021-12-31,0000021665-22-000003,0.22107712765957446,3325000000.0,ProfitLoss,-0.012528399978616489,0,2021,0.24113475177304963,0.33007131379725013,0.2691762067341773,0.16666666666666666
YUM,1041061,"YUM! BRANDS, INC.",2020-01-01,2020-12-31,2021-02-22,0001041061-21-000012,366,1305000000.0,904000000.0,NetIncomeLoss,5852000000.0,0.2230006835269993,22.49004932010429,-0.06852358168147642,https://www.sec.gov/Archives/edgar/data/1041061/000104106121000012/0001041061-21-000012-index.html,2022-02-23,2021-12-31,0001041061-22-000009,0.2859537378478042,1706000000.0,NetIncomeLoss,0.06295305432080489,0,2021,0.24113475177304963,0.27026666079119777,0.26150870746352073,0.3333333333333333
MCD,63908,McDONALD’S CORPORATION,2020-01-01,2020-12-31,2021-02-23,0000063908-21-000013,366,6265200000.0,4730500000.0,NetIncomeLoss,52626800000.0,0.11904960970456117,24.686491332639537,-0.029161947904869763,https://www.sec.gov/Archives/edgar/data/63908/000006390821000013/0000063908-21-000013-index.html,2022-02-24,2021-12-31,0000063908-22-000011,0.16974503428695573,9141500000.0,NetIncomeLoss,0.05069542458239455,0,2021,0.24113475177304963,0.12465551219826547,0.09934156897382296,0.16666666666666666
KO,21344,COCA COLA CO,2020-01-01,2020-12-31,2021-02-25,0000021344-21-000008,366,9844000000.0,7768000000.0,ProfitLoss,87296000000.0,0.1127657624633431,25.192570479727355,-0.02378115835777126,https://www.sec.gov/Archives/edgar/data/21344/000002134421000008/0000021344-21-000008-index.html,2022-02-22,2021-12-31,0000021344-22-000009,0.13380460817771372,12625000000.0,ProfitLoss,0.02103884571437062,0,2021,0.24113475177304963,0.12459971999484133,0.09457536625018213,0.0
DLTR,935703,"DOLLAR TREE, INC.",2020-02-02,2021-01-30,2021-03-16,0000935703-21-000014,364,2716300000.0,1341900000.0,NetIncomeLoss,20696000000.0,0.13124758407421724,23.75320628183014,-0.0664089679165056,https://www.sec.gov/Archives/edgar/data/935703/000093570321000014/0000935703-21-000014-index.html,2022-03-15,2022-01-29,0000935703-22-000020,0.06590153670506127,1431500000.0,NetIncomeLoss,-0.06534604736915597,1,2021,0.24113475177304963,0.12558864969213732,0.15649201253137326,0.3333333333333333
BBY,764478,"Best Buy Co., Inc.",2020-02-02,2021-01-30,2021-03-19,0000764478-21-000024,364,4927000000.0,1798000000.0,NetIncomeLoss,19067000000.0,0.2584045733466198,23.671224929028718,-0.16410552263072323,https://www.sec.gov/Archives/edgar/data/764478/000076447821000024/0000764478-21-000024-index.html,2022-03-18,2022-01-29,0000764478-22-000008,0.18578610603290677,3252000000.0,NetIncomeLoss,-0.07261846731371305,1,2021,0.24113475177304963,0.40810858085669094,0.715593312680815,0.65
DG,29534,DOLLAR GENERAL CORP,2020-02-01,2021-01-29,2021-03-19,0001558370-21-003245,364,3876159000.0,2655050000.0,ProfitLoss,25862624000.0,0.1498749314841371,23.976064674593335,-0.04721520136549176,https://www.sec.gov/Archives/edgar/data/29534/000155837021003245/0001558370-21-003245-index.html,2022-03-18,2022-01-28,0001558370-22-003921,0.10885291205111212,2865811000.0,ProfitLoss,-0.041022019433024984,1,2021,0.24113475177304963,0.15779831058567242,0.1453300424734984,0.16666666666666666
WMT,104169,WALMART INC.,2020-02-01,2021-01-31,2021-03-19,0000104169-21-000033,366,36074000000.0,13706000000.0,ProfitLoss,252496000000.0,0.14286959001330715,26.25466124395219,-0.08858754198086306,https://www.sec.gov/Archives/edgar/data/104169/000010416921000033/0000104169-21-000033-index.html,2022-03-18,2022-01-31,0000104169-22-000012,0.09875439026382422,24181000000.0,ProfitLoss,-0.04411519974948293,1,2021,0.24113475177304963,0.19587556254540534,0.30327447532122886,0.3333333333333333
LOW,60667,LOWES COMPANIES INC,2020-02-01,2021-01-29,2021-03-22,0000060667-21-000026,364,11049000000.0,5835000000.0,ProfitLoss,46735000000.0,0.23641810206483363,24.567759185580957,-0.11156520808815663,https://www.sec.gov/Archives/edgar/data/60667/000006066721000026/0000060667-21-000026-index.html,2022-03-21,2022-01-28,0000060667-22-000038,0.22654569892473117,10113000000.0,ProfitLoss,-0.00987240314010246,0,2021,0.24113475177304963,0.3757370931894687,0.5192651144386744,0.3333333333333333
HD,354950,"The Home Depot, Inc.",2020-02-03,2021-01-31,2021-03-24,0000354950-21-000089,364,18839000000.0,12866000000.0,NetIncomeLoss,70581000000.0,0.2669131919355067,24.980026823412803,-0.08462617418285374,https://www.sec.gov/Archives/edgar/data/354950/000035495021000089/0000354950-21-000089-index.html,2022-03-23,2022-01-30,0000354950-22-000070,0.23054983582837107,16571000000.0,NetIncomeLoss,-0.03636335610713565,1,2021,0.24113475177304963,0.4837054650298854,0.5025510746667838,0.65
KR,56873,KROGER CO,2020-02-02,2021-01-30,2021-03-30,0001558370-21-003706,364,6815000000.0,2588000000.0,ProfitLoss,48662000000.0,0.1400476758045292,24.6081642749779,-0.0868644938555752,https://www.sec.gov/Archives/edgar/data/56873/000155837021003706/0001558370-21-003706-index.html,2022-03-29,2022-01-29,0001558370-22-004595,0.12610520311290388,6190000000.0,ProfitLoss,-0.013942472691625324,0,2021,0.24113475177304963,0.15447218208760252,0.2396386730938836,0.3333333333333333
ROST,745732,"Ross Stores, Inc.",2020-02-02,2021-01-30,2021-03-30,0000745732-21-000017,364,2245933000.0,85382000.0,NetIncomeLoss,12717867000.0,0.17659667301128404,23.266273692117824,-0.16988312584177834,https://www.sec.gov/Archives/edgar/data/745732/000074573221000017/0000745732-21-000017-index.html,2022-03-29,2022-01-29,0000745732-22-000014,0.12747920566886722,1738849000.0,NetIncomeLoss,-0.049117467342416815,1,2021,0.24113475177304963,0.1898054501804169,0.552310965640496,0.3333333333333333
TJX,109198,"The TJX Companies, Inc.",2020-02-02,2021-01-30,2021-03-31,0000109198-21-000006,364,4561889000.0,90470000.0,NetIncomeLoss,30813555000.0,0.14804812362611194,24.15122052751408,-0.14511207810977994,https://www.sec.gov/Archives/edgar/data/109198/000010919821000006/0000109198-21-000006-index.html,2022-03-30,2022-01-29,0000109198-22-000008,0.10742545234330582,3057485000.0,NetIncomeLoss,-0.040622671282806125,1,2021,0.24113475177304963,0.15835080908326196,0.43156542557225136,0.3333333333333333
NKE,320187,"NIKE, Inc.",2020-06-01,2021-05-31,2021-07-20,0000320187-21-000028,365,6657000000.0,5727000000.0,NetIncomeLoss,37740000000.0,0.17639109697933228,24.353986376886816,-0.0246422893481717,https://www.sec.gov/Archives/edgar/data/320187/000032018721000028/0000320187-21-000028-index.html,2022-07-21,2022-05-31,0000320187-22-000038,0.12866744376379555,5188000000.0,NetIncomeLoss,-0.04772365321553673,1,2021,0.24113475177304963,0.21636579550321658,0.14018346051478747,0.0
PG,80424,The Procter & Gamble Company,2020-07-01,2021-06-30,2021-08-06,0000080424-21-000100,365,18371000000.0,14352000000.0,ProfitLoss,119307000000.0,0.1539809064011332,25.50496583993665,-0.033686204497640544,https://www.sec.gov/Archives/edgar/data/80424/000008042421000100/0000080424-21-000100-index.html,2022-08-05,2022-06-30,0000080424-22-000064,0.14267797419971334,16723000000.0,ProfitLoss,-0.011302932201419869,0,2021,0.24113475177304963,0.19955142529357772,0.15606017076982975,0.16666666666666666
COST,909832,COSTCO WHOLESALE CORP /NEW,2020-08-31,2021-08-29,2021-10-06,0000909832-21-000014,364,8958000000.0,5079000000.0,ProfitLoss,59268000000.0,0.1511439562664507,24.805335368292898,-0.06544847135047581,https://www.sec.gov/Archives/edgar/data/909832/000090983221000014/0000909832-21-000014-index.html,2022-10-05,2022-08-28,0000909832-22-000021,0.11520119689555217,7392000000.0,ProfitLoss,-0.035942759370898525,1,2021,0.24113475177304963,0.1777441023980261,0.20632115283797808,0.3333333333333333
SBUX,829224,Starbucks Corporation,2020-09-28,2021-10-03,2021-11-19,0000829224-21-000086,371,5989100000.0,4200300000.0,ProfitLoss,31392600000.0,0.1907806298299599,24.169838033296557,-0.0569815816466301,https://www.sec.gov/Archives/edgar/data/829224/000082922421000086/0000829224-21-000086-index.html,2022-11-18,2022-10-02,0000829224-22-000058,0.15716767220427186,4397300000.0,ProfitLoss,-0.033612957625688056,1,2021,0.24113475177304963,0.24300537194764402,0.22706187782180634,0.16666666666666666
KMB,55785,KIMBERLY-CLARK CORPORATION,2021-01-01,2021-12-31,2022-02-10,0000055785-22-000010,365,2730000000.0,1844000000.0,ProfitLoss,17837000000.0,0.1530526433817346,23.604540788522577,-0.04967203004989628,https://www.sec.gov/Archives/edgar/data/55785/000005578522000010/0000055785-22-000010-index.html,2023-02-09,2022-12-31,0000055785-23-000012,0.15208681135225377,2733000000.0,ProfitLoss,-0.0009658320294808342,0,2022,0.2375,0.1609601969435431,0.15770875478646237,0.25
PEP,77476,"PepsiCo, Inc.",2020-12-27,2021-12-25,2022-02-10,0000077476-22-000010,364,11616000000.0,7679000000.0,ProfitLoss,92377000000.0,0.12574558602249478,25.249143866859967,-0.04261883369236931,https://www.sec.gov/Archives/edgar/data/77476/000007747622000010/0000077476-22-000010-index.html,2023-02-09,2022-12-31,0000077476-23-000007,0.11727250046101945,10811000000.0,ProfitLoss,-0.00847308556147533,0,2022,0.2375,0.13412516323013984,0.1301022888823741,0.03389830508474576
CL,21665,COLGATE-PALMOLIVE COMPANY,2021-01-01,2021-12-31,2022-02-17,0000021665-22-000003,365,3325000000.0,2338000000.0,ProfitLoss,15040000000.0,0.22107712765957446,23.433979155468105,-0.065625,https://www.sec.gov/Archives/edgar/data/21665/000002166522000003/0000021665-22-000003-index.html,2023-02-16,2022-12-31,0000021665-23-000007,0.16248172398448923,2556000000.0,ProfitLoss,-0.05859540367508523,1,2022,0.2375,0.30555953257441204,0.29955592264915426,0.5121951219512195
KO,21344,COCA COLA CO,2021-01-01,2021-12-31,2022-02-22,0000021344-22-000009,365,12625000000.0,9804000000.0,ProfitLoss,94354000000.0,0.13380460817771372,25.270319503198827,-0.029898043538164783,https://www.sec.gov/Archives/edgar/data/21344/000002134422000009/0000021344-22-000009-index.html,2023-02-21,2022-12-31,0000021344-23-000011,0.11877580500846242,11018000000.0,ProfitLoss,-0.0150288031692513,0,2022,0.2375,0.14635452166998555,0.12105215912955433,0.03389830508474576
YUM,1041061,"YUM! BRANDS, INC.",2021-01-01,2021-12-31,2022-02-23,0001041061-22-000009,365,1706000000.0,1575000000.0,NetIncomeLoss,5966000000.0,0.2859537378478042,22.509342523038967,-0.021957760643647337,https://www.sec.gov/Archives/edgar/data/1041061/000104106122000009/0001041061-22-000009-index.html,2023-02-27,2022-12-31,0001041061-23-000009,0.2440985289086555,1427000000.0,NetIncomeLoss,-0.04185520893914871,1,2022,0.2375,0.4782763421512553,0.29815805799922074,0.25
MCD,63908,McDONALD’S CORPORATION,2021-01-01,2021-12-31,2022-02-24,0000063908-22-000011,365,9141500000.0,7545200000.0,NetIncomeLoss,53854300000.0,0.16974503428695573,24.709548088800034,-0.0296410871555289,https://www.sec.gov/Archives/edgar/data/63908/000006390822000011/0000063908-22-000011-index.html,2023-02-24,2022-12-31,0000063908-23-000012,0.14645805740389725,7386700000.0,NetIncomeLoss,-0.023286976883058474,1,2022,0.2375,0.20415395495996064,0.1558493974373225,0.25
DLTR,935703,"DOLLAR TREE, INC.",2021-01-31,2022-01-29,2022-03-15,0000935703-22-000020,364,1431500000.0,1327900000.0,NetIncomeLoss,21721800000.0,0.06590153670506127,23.80158220150655,-0.004769402167407857,https://www.sec.gov/Archives/edgar/data/935703/000093570322000020/0000935703-22-000020-index.html,2023-03-10,2023-01-28,0000935703-23-000016,0.07014129901268781,1614800000.0,NetIncomeLoss,0.004239762307626543,0,2022,0.2375,0.06201955333315718,0.04555983611197422,0.03389830508474576
BBY,764478,"Best Buy Co., Inc.",2021-01-31,2022-01-29,2022-03-18,0000764478-22-000008,364,3252000000.0,2454000000.0,NetIncomeLoss,17504000000.0,0.18578610603290677,23.585695263185983,-0.045589579524680075,https://www.sec.gov/Archives/edgar/data/764478/000076447822000008/0000764478-22-000008-index.html,2023-03-17,2023-01-28,0000764478-23-000006,0.1154211225716636,1824000000.0,NetIncomeLoss,-0.07036498346124316,1,2022,0.2375,0.2232462277432137,0.19452847891400832,0.25
DG,29534,DOLLAR GENERAL CORP,2021-01-30,2022-01-28,2022-03-18,0001558370-22-003921,364,2865811000.0,2399232000.0,ProfitLoss,26327371000.0,0.10885291205111212,23.99387495738744,-0.01772220249412674,https://www.sec.gov/Archives/edgar/data/29534/000155837022003921/0001558370-22-003921-index.html,2023-03-24,2023-02-03,0001558370-23-004574,0.0682367691471211,1984555000.0,ProfitLoss,-0.04061614290399103,1,2022,0.2375,0.10253226317544571,0.07852577320038447,0.03389830508474576
WMT,104169,WALMART INC.,2021-02-01,2022-01-31,2022-03-18,0000104169-22-000012,365,24181000000.0,13940000000.0,ProfitLoss,244860000000.0,0.09875439026382422,26.22395245559218,-0.04182389937106918,https://www.sec.gov/Archives/edgar/data/104169/000010416922000012/0000104169-22-000012-index.html,2023-03-17,2023-01-31,0000104169-23-000020,0.11859110104154245,28841000000.0,ProfitLoss,0.01983671077771823,0,2022,0.2375,0.10662879163688976,0.10986400834406428,0.03389830508474576
LOW,60667,LOWES COMPANIES INC,2021-01-30,2022-01-28,2022-03-21,0000060667-22-000038,364,10113000000.0,8442000000.0,ProfitLoss,44640000000.0,0.22654569892473117,24.521896155019466,-0.03743279569892473,https://www.sec.gov/Archives/edgar/data/60667/000006066722000038/0000060667-22-000038-index.html,2023-03-27,2023-02-03,0000060667-23-000034,0.19650864830237028,8589000000.0,ProfitLoss,-0.030037050622360895,1,2022,0.2375,0.3383203416507723,0.2549403396103309,0.25
HD,354950,"The Home Depot, Inc.",2021-02-01,2022-01-30,2022-03-23,0000354950-22-000070,364,16571000000.0,16433000000.0,NetIncomeLoss,71876000000.0,0.23054983582837107,24.99820824901062,-0.0019199732873281764,https://www.sec.gov/Archives/edgar/data/354950/000035495022000070/0000354950-22-000070-index.html,2023-03-15,2023-01-29,0000354950-23-000059,0.1911832036104389,14615000000.0,NetIncomeLoss,-0.039366632217932185,1,2022,0.2375,0.35776284309823647,0.19066630907670407,0.25
KR,56873,KROGER CO,2021-01-31,2022-01-29,2022-03-29,0001558370-22-004595,364,6190000000.0,1666000000.0,ProfitLoss,49086000000.0,0.12610520311290388,24.616839698706027,-0.09216477203275883,https://www.sec.gov/Archives/edgar/data/56873/000155837022004595/0001558370-22-004595-index.html,2023-03-28,2023-01-28,0001558370-23-004767,0.09064345162525442,4498000000.0,ProfitLoss,-0.03546175148764946,1,2022,0.2375,0.12916060972552823,0.2106238525566574,0.03389830508474576
ROST,745732,"Ross Stores, Inc.",2021-01-31,2022-01-29,2022-03-29,0000745732-22-000014,364,1738849000.0,1722589000.0,NetIncomeLoss,13640256000.0,0.12747920566886722,23.33629125751405,-0.0011920597384682517,https://www.sec.gov/Archives/edgar/data/745732/000074573222000014/0000745732-22-000014-index.html,2023-03-28,2023-01-28,0000745732-23-000013,0.1259179114495378,1689373000.0,NetIncomeLoss,-0.0015612942193294344,0,2022,0.2375,0.12043034101218872,0.07288573474202725,0.25
TJX,109198,"The TJX Companies, Inc.",2021-01-31,2022-01-29,2022-03-30,0000109198-22-000008,364,3057485000.0,3282815000.0,NetIncomeLoss,28461458000.0,0.10742545234330582,24.07181665809212,0.007917022381636246,https://www.sec.gov/Archives/edgar/data/109198/000010919822000008/0000109198-22-000008-index.html,2023-03-29,2023-01-28,0000109198-23-000004,0.1440615189248298,4084000000.0,NetIncomeLoss,0.03663606658152398,0,2022,0.2375,0.10145262583100054,0.05776065429006171,0.03389830508474576
NKE,320187,"NIKE, Inc.",2021-06-01,2022-05-31,2022-07-21,0000320187-22-000038,365,5188000000.0,6046000000.0,NetIncomeLoss,40321000000.0,0.12866744376379555,24.420138261989273,0.021279234145978522,https://www.sec.gov/Archives/edgar/data/320187/000032018722000038/0000320187-22-000038-index.html,2023-07-20,2023-05-31,0000320187-23-000039,0.15563134475500254,5841000000.0,NetIncomeLoss,0.02696390099120699,0,2022,0.2375,0.13106851045594756,0.06094616424787164,0.03389830508474576
PG,80424,The Procter & Gamble Company,2021-07-01,2022-06-30,2022-08-05,0000080424-22-000064,365,16723000000.0,14793000000.0,ProfitLoss,117208000000.0,0.14267797419971334,25.487215971145424,-0.01646645280185653,https://www.sec.gov/Archives/edgar/data/80424/000008042422000064/0000080424-22-000064-index.html,2023-08-04,2023-06-30,0000080424-23-000073,0.13943672462736595,16848000000.0,ProfitLoss,-0.0032412495723473933,0,2022,0.2375,0.16286213463788024,0.11385581953162083,0.03389830508474576
COST,909832,COSTCO WHOLESALE CORP /NEW,2021-08-30,2022-08-28,2022-10-05,0000909832-22-000021,364,7392000000.0,5915000000.0,ProfitLoss,64166000000.0,0.11520119689555217,24.88473931234178,-0.023018420970607488,https://www.sec.gov/Archives/edgar/data/909832/000090983222000021/0000909832-22-000021-index.html,2023-10-11,2023-09-03,0000909832-23-000042,0.16041974664463576,11068000000.0,ProfitLoss,0.0452185497490836,0,2022,0.2375,0.11678352603013809,0.09350986533177945,0.03389830508474576
SBUX,829224,Starbucks Corporation,2021-10-04,2022-10-02,2022-11-18,0000829224-22-000058,364,4397300000.0,3283400000.0,ProfitLoss,27978400000.0,0.15716767220427186,24.05469862084605,-0.03981285563148715,https://www.sec.gov/Archives/edgar/data/829224/000082922422000058/0000829224-22-000058-index.html,2023-11-17,2023-10-01,0000829224-23-000058,0.20406174118286324,6008700000.0,ProfitLoss,0.046894068978591386,0,2022,0.2375,0.17278642539873929,0.1508927481379511,0.25
KMB,55785,KIMBERLY-CLARK CORPORATION,2022-01-01,2022-12-31,2023-02-09,0000055785-23-000012,365,2733000000.0,1961000000.0,ProfitLoss,17970000000.0,0.15208681135225377,23.611969537741878,-0.042960489705064,https://www.sec.gov/Archives/edgar/data/55785/000005578523000012/0000055785-23-000012-index.html,2024-02-08,2023-12-31,0000055785-24-000018,0.20422047970479704,3542000000.0,ProfitLoss,0.052133668352543266,0,2023,0.2737430167597765,0.1936471544380206,0.16852435406912872,0.25757575757575757
PEP,77476,"PepsiCo, Inc.",2021-12-26,2022-12-31,2023-02-09,0000077476-23-000007,371,10811000000.0,8978000000.0,ProfitLoss,92187000000.0,0.11727250046101945,25.247084959737027,-0.01988349767320772,https://www.sec.gov/Archives/edgar/data/77476/000007747623000007/0000077476-23-000007-index.html,2024-02-09,2023-12-30,0000077476-24-000008,0.1337578984029056,13442000000.0,ProfitLoss,0.016485397941886165,0,2023,0.2737430167597765,0.16353828367640613,0.1148245820606987,0.038461538461538464
CL,21665,COLGATE-PALMOLIVE COMPANY,2022-01-01,2022-12-31,2023-02-16,0000021665-23-000007,365,2556000000.0,1967000000.0,ProfitLoss,15731000000.0,0.16248172398448923,23.47889912478678,-0.03744199351598754,https://www.sec.gov/Archives/edgar/data/21665/000002166523000007/0000021665-23-000007-index.html,2024-02-15,2023-12-31,0000021665-24-000003,0.2284511681815409,3745000000.0,ProfitLoss,0.06596944419705167,0,2023,0.2737430167597765,0.2106632351205495,0.16590413850209282,0.25757575757575757
KO,21344,COCA COLA CO,2022-01-01,2022-12-31,2023-02-21,0000021344-23-000011,365,11018000000.0,9571000000.0,ProfitLoss,92763000000.0,0.11877580500846242,25.253313690337286,-0.01559889179953214,https://www.sec.gov/Archives/edgar/data/21344/000002134423000011/0000021344-23-000011-index.html,2024-02-20,2023-12-31,0000021344-24-000009,0.11871692783230811,11599000000.0,ProfitLoss,-5.8877176154312205e-05,0,2023,0.2737430167597765,0.16607523599681967,0.10941828041062462,0.038461538461538464
MCD,63908,McDONALD’S CORPORATION,2022-01-01,2022-12-31,2023-02-24,0000063908-23-000012,365,7386700000.0,6177400000.0,NetIncomeLoss,50435600000.0,0.14645805740389725,24.643963111882893,-0.023977111405435843,https://www.sec.gov/Archives/edgar/data/63908/000006390823000012/0000063908-23-000012-index.html,2024-02-22,2023-12-31,0000063908-24-000072,0.17119230303418895,9611900000.0,NetIncomeLoss,0.024734245630291696,0,2023,0.2737430167597765,0.2035409000161799,0.13995625541232712,0.25757575757575757
YUM,1041061,"YUM! BRANDS, INC.",2022-01-01,2022-12-31,2023-02-27,0001041061-23-000009,365,1427000000.0,1325000000.0,NetIncomeLoss,5846000000.0,0.2440985289086555,22.489023503635465,-0.017447827574409852,https://www.sec.gov/Archives/edgar/data/1041061/000104106123000009/0001041061-23-000009-index.html,2024-02-20,2023-12-31,0001041061-24-000011,0.25726207671320817,1603000000.0,NetIncomeLoss,0.013163547804552672,0,2023,0.2737430167597765,0.38098879237359573,0.19933667494841276,0.25757575757575757
TGT,27419,Target Corporation,2022-01-30,2023-01-28,2023-03-08,0000027419-23-000015,364,4018000000.0,2780000000.0,NetIncomeLoss,53335000000.0,0.07533514577669448,24.699858613023856,-0.02321177463204275,https://www.sec.gov/Archives/edgar/data/27419/000002741923000015/0000027419-23-000015-index.html,2024-03-13,2024-02-03,0000027419-24-000032,0.15573740877231013,8621000000.0,NetIncomeLoss,0.08040226299561565,0,2023,0.2737430167597765,0.10040479497245551,0.0837379654868294,0.038461538461538464
DLTR,935703,"DOLLAR TREE, INC.",2022-01-30,2023-01-28,2023-03-10,0000935703-23-000016,364,1614800000.0,1615400000.0,NetIncomeLoss,23022100000.0,0.07014129901268781,23.85972046110112,2.6061914421360345e-05,https://www.sec.gov/Archives/edgar/data/935703/000093570323000016/0000935703-23-000016-index.html,2024-03-20,2024-02-03,0000935703-24-000011,0.12189252389493041,2684500000.0,NetIncomeLoss,0.0517512248822426,0,2023,0.2737430167597765,0.08641800208037449,0.052213129809011286,0.038461538461538464
HD,354950,"The Home Depot, Inc.",2022-01-31,2023-01-29,2023-03-15,0000354950-23-000059,364,14615000000.0,17105000000.0,NetIncomeLoss,76445000000.0,0.1911832036104389,25.059837364958987,0.03257243770030741,https://www.sec.gov/Archives/edgar/data/354950/000035495023000059/0000354950-23-000059-index.html,2024-03-13,2024-01-28,0000354950-24-000062,0.2766496798641056,21172000000.0,NetIncomeLoss,0.08546647625366671,0,2023,0.2737430167597765,0.3127504407528761,0.09172847849022642,0.25757575757575757
BBY,764478,"Best Buy Co., Inc.",2022-01-30,2023-01-28,2023-03-17,0000764478-23-000006,364,1824000000.0,1419000000.0,NetIncomeLoss,15803000000.0,0.1154211225716636,23.483465632373377,-0.02562804530785294,https://www.sec.gov/Archives/edgar/data/764478/000076447823000006/0000764478-23-000006-index.html,2024-03-15,2024-02-03,0000764478-24-000010,0.09821607536580478,1470000000.0,NetIncomeLoss,-0.01720504720585883,0,2023,0.2737430167597765,0.1331816913049223,0.10176500609012781,0.038461538461538464
WMT,104169,WALMART INC.,2022-02-01,2023-01-31,2023-03-17,0000104169-23-000020,365,28841000000.0,11292000000.0,ProfitLoss,243197000000.0,0.11859110104154245,26.217137651436023,-0.0721596072319971,https://www.sec.gov/Archives/edgar/data/104169/000010416923000020/0000104169-23-000020-index.html,2024-03-15,2024-01-31,0000104169-24-000056,0.1415457272017718,35726000000.0,ProfitLoss,0.02295462616022935,0,2023,0.2737430167597765,0.18301412863548605,0.2503430600728471,0.38461538461538464
DG,29534,DOLLAR GENERAL CORP,2022-01-29,2023-02-03,2023-03-24,0001558370-23-004574,371,1984555000.0,2415989000.0,ProfitLoss,29083367000.0,0.0682367691471211,24.09343226695329,0.014834389704603322,https://www.sec.gov/Archives/edgar/data/29534/000155837023004574/0001558370-23-004574-index.html,2024-03-25,2024-02-02,0001558370-24-003813,0.07766689718667845,2391798000.0,ProfitLoss,0.009430128039557353,0,2023,0.2737430167597765,0.08694709482258686,0.042360263763126724,0.038461538461538464
LOW,60667,LOWES COMPANIES INC,2022-01-29,2023-02-03,2023-03-27,0000060667-23-000034,371,8589000000.0,6437000000.0,ProfitLoss,43708000000.0,0.19650864830237028,24.50079698865491,-0.049235837832891004,https://www.sec.gov/Archives/edgar/data/60667/000006066723000034/0000060667-23-000034-index.html,2024-03-25,2024-02-02,0000060667-24-000033,0.19476013877258044,8140000000.0,NetIncomeLoss,-0.0017485095297898323,0,2023,0.2737430167597765,0.31125976095283575,0.2621834497940816,0.25757575757575757
KR,56873,KROGER CO,2022-01-30,2023-01-28,2023-03-28,0001558370-23-004767,364,4498000000.0,2249000000.0,ProfitLoss,49623000000.0,0.09064345162525442,24.627720272874605,-0.04532172581262721,https://www.sec.gov/Archives/edgar/data/56873/000155837023004767/0001558370-23-004767-index.html,2024-04-02,2024-02-03,0001558370-24-004603,0.1344025344025344,6788000000.0,ProfitLoss,0.043759082777279995,0,2023,0.2737430167597765,0.11692280545466377,0.12656187613208456,0.038461538461538464
ROST,745732,"Ross Stores, Inc.",2022-01-30,2023-01-28,2023-03-28,0000745732-23-000013,364,1689373000.0,1512041000.0,NetIncomeLoss,13416463000.0,0.1259179114495378,23.31974837190343,-0.013217492568644955,https://www.sec.gov/Archives/edgar/data/745732/000074573223000013/0000745732-23-000013-index.html,2024-04-02,2024-02-03,0000745732-24-000009,0.1758371212415234,2514490000.0,NetIncomeLoss,0.04991920979198561,0,2023,0.2737430167597765,0.1455203488937717,0.09050991973205338,0.25757575757575757
TJX,109198,"The TJX Companies, Inc.",2022-01-30,2023-01-28,2023-03-29,0000109198-23-000004,364,4084000000.0,3498000000.0,NetIncomeLoss,28349000000.0,0.1440615189248298,24.067857593129446,-0.020670923136618575,https://www.sec.gov/Archives/edgar/data/109198/000010919823000004/0000109198-23-000004-index.html,2024-04-03,2024-02-03,0000109198-24-000014,0.20361717147947692,6057000000.0,NetIncomeLoss,0.05955565255464712,0,2023,0.2737430167597765,0.18784512595831523,0.12395532503332993,0.25757575757575757
NKE,320187,"NIKE, Inc.",2022-06-01,2023-05-31,2023-07-20,0000320187-23-000039,365,5841000000.0,5070000000.0,NetIncomeLoss,37531000000.0,0.15563134475500254,24.348433095088748,-0.020543017771975168,https://www.sec.gov/Archives/edgar/data/320187/000032018723000039/0000320187-23-000039-index.html,2024-07-25,2024-05-31,0000320187-24-000044,0.19493571241144056,7429000000.0,NetIncomeLoss,0.03930436765643802,0,2023,0.2737430167597765,0.21529454697780792,0.13811711373848543,0.25757575757575757
PG,80424,The Procter & Gamble Company,2022-07-01,2023-06-30,2023-08-04,0000080424-23-000073,365,16848000000.0,14738000000.0,ProfitLoss,120829000000.0,0.13943672462736595,25.517642159861005,-0.017462695213897327,https://www.sec.gov/Archives/edgar/data/80424/000008042423000073/0000080424-23-000073-index.html,2024-08-05,2024-06-30,0000080424-24-000083,0.16218027294271473,19846000000.0,ProfitLoss,0.022743548315348777,0,2023,0.2737430167597765,0.2078110663349447,0.13355576033439112,0.25757575757575757
COST,909832,COSTCO WHOLESALE CORP /NEW,2022-08-29,2023-09-03,2023-10-11,0000909832-23-000042,371,11068000000.0,6292000000.0,ProfitLoss,68994000000.0,0.16041974664463576,24.957285381240993,-0.06922341073136795,https://www.sec.gov/Archives/edgar/data/909832/000090983223000042/0000909832-23-000042-index.html,2024-10-09,2024-09-01,0000909832-24-000049,0.16237774054503015,11339000000.0,ProfitLoss,0.001957993900394389,0,2023,0.2737430167597765,0.23841797880611457,0.277479802206443,0.38461538461538464
SBUX,829224,Starbucks Corporation,2022-10-03,2023-10-01,2023-11-17,0000829224-23-000058,364,6008700000.0,4124700000.0,ProfitLoss,29445500000.0,0.20406174118286324,24.105806934010456,-0.06398261194410011,https://www.sec.gov/Archives/edgar/data/829224/000082922423000058/0000829224-23-000058-index.html,2024-11-20,2024-09-29,0000829224-24-000057,0.19450338712096313,6095600000.0,ProfitLoss,-0.009558354061900115,0,2023,0.2737430167597765,0.3198148441000227,0.3121680221570186,0.25757575757575757
KMB,55785,KIMBERLY-CLARK CORPORATION,2023-01-01,2023-12-31,2024-02-08,0000055785-24-000018,365,3542000000.0,1764000000.0,ProfitLoss,17344000000.0,0.20422047970479704,23.576512462203645,-0.10251383763837639,https://www.sec.gov/Archives/edgar/data/55785/000005578524000018/0000055785-24-000018-index.html,2025-02-13,2024-12-31,0000055785-25-000013,0.19545509488698176,3234000000.0,ProfitLoss,-0.008765384817815275,0,2024,0.2878787878787879,0.32957926317537417,0.44956851028173633,0.5490196078431373
PEP,77476,"PepsiCo, Inc.",2023-01-01,2023-12-30,2024-02-09,0000077476-24-000008,364,13442000000.0,9155000000.0,ProfitLoss,100495000000.0,0.1337578984029056,25.333373811964126,-0.042658838748196426,https://www.sec.gov/Archives/edgar/data/77476/000007747624000008/0000077476-24-000008-index.html,2025-02-04,2024-12-28,0000077476-25-000007,0.12574019524063257,12507000000.0,ProfitLoss,-0.008017703162273043,0,2024,0.2878787878787879,0.2069823998822063,0.19821318232354365,0.06060606060606061
CL,21665,COLGATE-PALMOLIVE COMPANY,2023-01-01,2023-12-31,2024-02-15,0000021665-24-000003,365,3745000000.0,2455000000.0,ProfitLoss,16393000000.0,0.2284511681815409,23.52012025139073,-0.07869212468736655,https://www.sec.gov/Archives/edgar/data/21665/000002166524000003/0000021665-24-000003-index.html,2025-02-13,2024-12-31,0000021665-25-000008,0.2559516390377664,4107000000.0,ProfitLoss,0.027500470856225506,0,2024,0.2878787878787879,0.3971549634303717,0.42776747588020014,0.5490196078431373
KO,21344,COCA COLA CO,2023-01-01,2023-12-31,2024-02-20,0000021344-24-000009,365,11599000000.0,10703000000.0,ProfitLoss,97703000000.0,0.11871692783230811,25.305198101767324,-0.00917064982651505,https://www.sec.gov/Archives/edgar/data/21344/000002134424000009/0000021344-24-000009-index.html,2025-02-20,2024-12-31,0000021344-25-000011,0.06767844533511025,6805000000.0,ProfitLoss,-0.05103848249719786,1,2024,0.2878787878787879,0.17746880798719308,0.1217103783491247,0.06060606060606061
YUM,1041061,"YUM! BRANDS, INC.",2023-01-01,2023-12-31,2024-02-20,0001041061-24-000011,365,1603000000.0,1597000000.0,NetIncomeLoss,6231000000.0,0.25726207671320817,22.552802670508495,-0.0009629272989889263,https://www.sec.gov/Archives/edgar/data/1041061/000104106124000011/0001041061-24-000011-index.html,2025-02-19,2024-12-31,0001041061-25-000013,0.25107774639512415,1689000000.0,NetIncomeLoss,-0.006184330318084019,0,2024,0.2878787878787879,0.45200659162606316,0.23866812862701633,0.3333333333333333
MCD,63908,McDONALD’S CORPORATION,2023-01-01,2023-12-31,2024-02-22,0000063908-24-000072,365,9611900000.0,8468800000.0,NetIncomeLoss,56146800000.0,0.17119230303418895,24.75123552630205,-0.02035912999494183,https://www.sec.gov/Archives/edgar/data/63908/000006390824000072/0000063908-24-000072-index.html,2025-02-25,2024-12-31,0000063908-25-000012,0.1711971294987496,9447000000.0,NetIncomeLoss,4.826464560653276e-06,0,2024,0.2878787878787879,0.2771303168494099,0.19549275567311444,0.3333333333333333
HD,354950,"The Home Depot, Inc.",2023-01-30,2024-01-28,2024-03-13,0000354950-24-000062,364,21172000000.0,15143000000.0,NetIncomeLoss,76530000000.0,0.2766496798641056,25.06094865776824,-0.07877956356984189,https://www.sec.gov/Archives/edgar/data/354950/000035495024000062/0000354950-24-000062-index.html,2025-03-21,2025-02-02,0000354950-25-000085,0.2060986901653159,19810000000.0,NetIncomeLoss,-0.0705509896987897,1,2024,0.2878787878787879,0.5966298755094434,0.5927416305942504,0.5490196078431373
TGT,27419,Target Corporation,2023-01-29,2024-02-03,2024-03-13,0000027419-24-000032,371,8621000000.0,4138000000.0,NetIncomeLoss,55356000000.0,0.15573740877231013,24.737050891310094,-0.0809848977527278,https://www.sec.gov/Archives/edgar/data/27419/000002741924000032/0000027419-24-000032-index.html,2025-03-12,2025-02-01,0000027419-25-000018,0.12752514324291575,7367000000.0,NetIncomeLoss,-0.028212265529394376,1,2024,0.2878787878787879,0.24006241186719857,0.3149971205240215,0.5490196078431373
BBY,764478,"Best Buy Co., Inc.",2023-01-29,2024-02-03,2024-03-15,0000764478-24-000010,371,1470000000.0,1241000000.0,NetIncomeLoss,14967000000.0,0.09821607536580478,23.42911361449342,-0.015300327386917886,https://www.sec.gov/Archives/edgar/data/764478/000076447824000010/0000764478-24-000010-index.html,2025-03-19,2025-02-01,0000764478-25-000007,0.1419293735624408,2098000000.0,NetIncomeLoss,0.04371329819663604,0,2024,0.2878787878787879,0.11457678875549329,0.087221658813898,0.25
WMT,104169,WALMART INC.,2023-02-01,2024-01-31,2024-03-15,0000104169-24-000056,365,35726000000.0,16270000000.0,ProfitLoss,252399000000.0,0.1415457272017718,26.254277005640485,-0.07708429906616111,https://www.sec.gov/Archives/edgar/data/104169/000010416924000056/0000104169-24-000056-index.html,2025-03-14,2025-01-31,0000104169-25-000021,0.13972310724130924,36443000000.0,ProfitLoss,-0.0018226199604625681,0,2024,0.2878787878787879,0.24592166268698232,0.32045108889994856,0.06060606060606061
DG,29534,DOLLAR GENERAL CORP,2023-02-04,2024-02-02,2024-03-25,0001558370-24-003813,364,2391798000.0,1661274000.0,ProfitLoss,30795591000.0,0.07766689718667845,24.150637367328443,-0.02372170743532735,https://www.sec.gov/Archives/edgar/data/29534/000155837024003813/0001558370-24-003813-index.html,2025-03-21,2025-01-31,0001558370-25-003413,0.09623517472751268,2996064000.0,ProfitLoss,0.018568277540834233,0,2024,0.2878787878787879,0.09967809416041172,0.08845229749622464,0.06060606060606061
LOW,60667,LOWES COMPANIES INC,2023-02-04,2024-02-02,2024-03-25,0000060667-24-000033,364,8140000000.0,7726000000.0,NetIncomeLoss,41795000000.0,0.19476013877258044,24.456042552097532,-0.009905491087450652,https://www.sec.gov/Archives/edgar/data/60667/000006066724000033/0000060667-24-000033-index.html,2025-03-24,2025-01-31,0000060667-25-000049,0.22330750313210523,9625000000.0,NetIncomeLoss,0.02854736435952479,0,2024,0.2878787878787879,0.3302799869768988,0.20273520607726814,0.3333333333333333
KR,56873,KROGER CO,2023-01-29,2024-02-03,2024-04-02,0001558370-24-004603,371,6788000000.0,2169000000.0,ProfitLoss,50505000000.0,0.1344025344025344,24.645338178227558,-0.09145629145629146,https://www.sec.gov/Archives/edgar/data/56873/000155837024004603/0001558370-24-004603-index.html,2025-04-01,2025-02-01,0001558370-25-004267,0.11011859510415083,5794000000.0,ProfitLoss,-0.024283939298383586,1,2024,0.2878787878787879,0.19318118903982834,0.29851709627078227,0.06060606060606061
ROST,745732,"Ross Stores, Inc.",2023-01-29,2024-02-03,2024-04-02,0000745732-24-000009,371,2514490000.0,1874520000.0,NetIncomeLoss,14300109000.0,0.1758371212415234,23.383532996560845,-0.044752805730361916,https://www.sec.gov/Archives/edgar/data/745732/000074573224000009/0000745732-24-000009-index.html,2025-04-01,2025-02-01,0000745732-25-000010,0.15813052671352776,2356988000.0,NetIncomeLoss,-0.01770659452799564,0,2024,0.2878787878787879,0.25190064544093493,0.22380727740015405,0.3333333333333333
TJX,109198,"The TJX Companies, Inc.",2023-01-29,2024-02-03,2024-04-03,0000109198-24-000014,371,6057000000.0,4474000000.0,NetIncomeLoss,29747000000.0,0.20361717147947692,24.115994123517186,-0.053215450297508994,https://www.sec.gov/Archives/edgar/data/109198/000010919824000014/0000109198-24-000014-index.html,2025-04-02,2025-02-01,0000109198-25-000010,0.19263598853507197,6116000000.0,NetIncomeLoss,-0.010981182944404949,0,2024,0.2878787878787879,0.3444179989307479,0.3160233901774116,0.3333333333333333
NKE,320187,"NIKE, Inc.",2023-06-01,2024-05-31,2024-07-25,0000320187-24-000044,366,7429000000.0,5700000000.0,NetIncomeLoss,38110000000.0,0.19493571241144056,24.36374255183218,-0.0453686696405143,https://www.sec.gov/Archives/edgar/data/320187/000032018724000044/0000320187-24-000044-index.html,2025-07-17,2025-05-31,0000320187-25-000047,0.10109625741545696,3698000000.0,NetIncomeLoss,-0.0938394549959836,1,2024,0.2878787878787879,0.3279689133238856,0.2847227846215173,0.3333333333333333
PG,80424,The Procter & Gamble Company,2023-07-01,2024-06-30,2024-08-05,0000080424-24-000083,366,19846000000.0,14974000000.0,ProfitLoss,122370000000.0,0.16218027294271473,25.53031507894399,-0.03981367982348615,https://www.sec.gov/Archives/edgar/data/80424/000008042424000083/0000080424-24-000083-index.html,2025-08-04,2025-06-30,0000080424-25-000076,0.14227307934936237,17817000000.0,ProfitLoss,-0.019907193593352357,0,2024,0.2878787878787879,0.27612348399330466,0.24229288404708732,0.3333333333333333
COST,909832,COSTCO WHOLESALE CORP /NEW,2023-09-04,2024-09-01,2024-10-09,0000909832-24-000049,364,11339000000.0,7367000000.0,ProfitLoss,69831000000.0,0.16237774054503015,24.969343874194443,-0.05688018215405766,https://www.sec.gov/Archives/edgar/data/909832/000090983224000049/0000909832-24-000049-index.html,2025-10-08,2025-08-31,0000909832-25-000101,0.17295944175670241,13335000000.0,ProfitLoss,0.010581701211672262,0,2024,0.2878787878787879,0.26150315949402514,0.2700069975154072,0.3333333333333333
SBUX,829224,Starbucks Corporation,2023-10-02,2024-09-29,2024-11-20,0000829224-24-000057,364,6095600000.0,3762300000.0,ProfitLoss,31339300000.0,0.19450338712096313,24.16813873795158,-0.07445284355425935,https://www.sec.gov/Archives/edgar/data/829224/000082922424000057/0000829224-24-000057-index.html,2025-11-14,2025-09-28,0000829224-25-000114,0.1482680974525058,4747500000.0,ProfitLoss,-0.04623528966845733,1,2024,0.2878787878787879,0.32092101474592,0.3599538924499128,0.5490196078431373
