model,n,event_rate,brier,roc_auc,log_loss,average_precision,year
prevalence,16,0.0625,0.07471606648199446,0.5,0.300911073744202,0.0625,2018
logit_controls,16,0.0625,0.03920289072778088,1.0,0.19298451077020917,1.0,2018
logit_accruals,16,0.0625,0.04469722644342433,1.0,0.20107621498819778,1.0,2018
tree_accruals,16,0.0625,0.10080748675581694,0.8,0.3322489876409471,0.14285714285714285,2018
prevalence,18,0.6666666666666666,0.4435030715928611,0.5,1.1583647772284549,0.6666666666666666,2019
logit_controls,18,0.6666666666666666,0.36327585080282604,0.9027777777777778,0.9676792721546502,0.9613095238095238,2019
logit_accruals,18,0.6666666666666666,0.3553515053928629,0.7083333333333333,0.9398139419975132,0.8234880859880861,2019
tree_accruals,18,0.6666666666666666,0.376379927798297,0.6388888888888888,6.589773252677606,0.8166666666666667,2019
prevalence,19,0.21052631578947367,0.16720762843058468,0.5,0.5179223782117777,0.21052631578947367,2020
logit_controls,19,0.21052631578947367,0.15600750014355227,0.8500000000000001,0.4652299478938453,0.5527777777777777,2020
logit_accruals,19,0.21052631578947367,0.175919523386555,0.5833333333333334,0.5518282192551104,0.3015151515151515,2020
tree_accruals,19,0.21052631578947367,0.20323832012143697,0.26666666666666666,4.127139560009394,0.1719298245614035,2020
prevalence,19,0.5789473684210527,0.35788467698596116,0.5,0.939675866879588,0.5789473684210527,2021
logit_controls,19,0.5789473684210527,0.3642193890320685,0.6136363636363636,0.9794619411032214,0.7048282822346994,2021
logit_accruals,19,0.5789473684210527,0.3029750267984115,0.7045454545454546,0.8301798974115555,0.7809073502255321,2021
tree_accruals,19,0.5789473684210527,0.30236842105263156,0.6988636363636365,2.5803207075403756,0.7380958472993373,2021
prevalence,19,0.42105263157894735,0.2774588815789474,0.5,0.7622832483982002,0.42105263157894735,2022
logit_controls,19,0.42105263157894735,0.24198867333622107,0.8295454545454545,0.6826013319147011,0.876131221719457,2022
logit_accruals,19,0.42105263157894735,0.2712831581751064,0.9090909090909091,0.7484905829169011,0.9260416666666667,2022
tree_accruals,19,0.42105263157894735,0.2691500699781783,0.7556818181818181,0.8162230309050834,0.6469298245614035,2022
prevalence,20,0.0,0.0749352392247433,,0.3198513553851726,,2023
logit_controls,20,0.0,0.04563080438391067,,0.22610878294910433,,2023
logit_accruals,20,0.0,0.027652575392305995,,0.16553677304181635,,2023
tree_accruals,20,0.0,0.05180054987747294,,0.22608697533550798,,2023
prevalence,19,0.3157894736842105,0.2168454883765889,0.5,0.6255203895406674,0.3157894736842105,2024
logit_controls,19,0.3157894736842105,0.21527052170056934,0.46153846153846145,0.6252759428384593,0.43531162464985995,2024
logit_accruals,19,0.3157894736842105,0.19895773537501635,0.6794871794871795,0.587356065106454,0.556178026766262,2024
tree_accruals,19,0.3157894736842105,0.22492939234901285,0.5961538461538461,0.7058083237827277,0.4565452091767881,2024
