ticker,fiscal_year,period_end,weeks,source_id,revenue_usd_m,operating_income_usd_m,cfo_usd_m,capex_usd_m,revenue_growth_pct,operating_margin_pct,cfo_margin_pct,capex_intensity_pct,fcf_usd_m,fcf_margin_pct,cfo_change_usd_m,capex_change_usd_m,fcf_change_usd_m
COST,2023,2023-09-03,53,cost_2025,242290,8114,11068,4323,,3.3488794419910026,4.5680795740641384,1.7842255148788642,6745,2.783854059185274,,,
COST,2024,2024-09-01,52,cost_2025,254453,9285,11339,4710,5.020017334599034,3.6490039417888567,4.456225707694545,1.8510294632014557,6629,2.605196244493089,271,387,-116
COST,2025,2025-08-31,52,cost_2025,275235,10383,13335,5498,8.167323631476147,3.7724126655403563,4.844950678511091,1.997565716569477,7837,2.8473849619416134,1996,788,1208
TGT,2022,2023-01-28,52,tgt_2024,109120,3848,4018,5528,,3.526392961876833,3.682184750733138,5.0659824046920825,-1510,-1.3837976539589443,,,
TGT,2023,2024-02-03,53,tgt_2024,107412,5707,8621,4806,-1.56524926686217,5.313186608572599,8.02610509067888,4.474360406658474,3815,3.551744684020407,4603,-722,5325
TGT,2024,2025-02-01,52,tgt_2024,106566,5566,7367,2891,-0.7876214948050497,5.223054257455473,6.9130867255972825,2.7128727736801608,4476,4.200213951917122,-1254,-1915,661
WMT,2023,2023-01-31,,wmt_2025,611289,20428,28841,16857,,3.3417908714208826,4.718062978394834,2.757615465025544,11984,1.9604475133692902,,,
WMT,2024,2024-01-31,,wmt_2025,648125,27012,35726,20606,6.025954990192854,4.167714561234329,5.512208293153327,3.1793249758919964,15120,2.332883317261331,6885,3749,3136
WMT,2025,2025-01-31,,wmt_2025,680985,29348,36443,23783,5.070009643201543,4.309639713062696,5.351512882075229,3.492441096353077,12660,1.8590717857221524,717,3177,-2460
