ticker,fiscal_year,period_end,weeks,revenue_usd_m,operating_income_usd_m,cfo_usd_m,capex_usd_m,source_id
WMT,2023,2023-01-31,,611289,20428,28841,16857,wmt_2025
WMT,2024,2024-01-31,,648125,27012,35726,20606,wmt_2025
WMT,2025,2025-01-31,,680985,29348,36443,23783,wmt_2025
TGT,2022,2023-01-28,52,109120,3848,4018,5528,tgt_2024
TGT,2023,2024-02-03,53,107412,5707,8621,4806,tgt_2024
TGT,2024,2025-02-01,52,106566,5566,7367,2891,tgt_2024
COST,2023,2023-09-03,53,242290,8114,11068,4323,cost_2025
COST,2024,2024-09-01,52,254453,9285,11339,4710,cost_2025
COST,2025,2025-08-31,52,275235,10383,13335,5498,cost_2025
