month,gross_return,net_return,traded_fraction,cost_fraction,forecast_var95,var_breach
2005-01,-0.021600000000000005,-0.0225784,1.0,0.001,0.08563,0
2005-02,0.02917,0.02914258772465228,0.02663532297628786,2.6635322976287857e-05,0.08563,0
2005-03,-0.01827,-0.01830374151360803,0.03436944333783529,3.4369443337835284e-05,0.08563,0
2005-04,-0.0296,-0.02961785552606111,0.018400171126480805,1.8400171126480804e-05,0.08563,0
2005-05,0.03867,0.038635042289571375,0.033656224237427854,3.365622423742786e-05,0.08563,0
2005-06,0.01242,0.012396900912551745,0.0228157162525153,2.28157162525153e-05,0.08563,0
2005-07,0.044050000000000006,0.04402716830268072,0.02186839453981551,2.1868394539815513e-05,0.08563,0
2005-08,-0.006250000000000001,-0.00626346828456481,0.013552990757147665,1.3552990757147666e-05,0.08563,0
2005-09,0.0052,0.0051806293534593095,0.019270440251572346,1.9270440251572347e-05,0.08563,0
2005-10,-0.031400000000000004,-0.03142268289295658,0.02341822522881014,2.341822522881014e-05,0.08563,0
2005-11,0.02883,0.028802553203386205,0.026677679124509593,2.667767912450959e-05,0.08563,0
2005-12,0.0007600000000000005,0.0007423393577559168,0.017647230349037257,1.7647230349037258e-05,0.08563,0
2006-01,0.040330000000000005,0.040318918504136825,0.010651904552540045,1.0651904552540045e-05,0.08563,0
2006-02,-0.0003699999999999988,-0.00039196182295997417,0.02196995184220392,2.1969951842203918e-05,0.08563,0
2006-03,0.01523,0.01521090864265795,0.01880495783439874,1.8804957834398742e-05,0.08563,0
2006-04,0.010790000000000001,0.010774091878076986,0.01573830560562628,1.573830560562628e-05,0.08563,0
2006-05,-0.01767,-0.017686803179394306,0.01710543238457049,1.710543238457049e-05,0.08563,0
2006-06,0.00817,0.008148923804505603,0.020905398389543195,2.0905398389543194e-05,0.08563,0
2006-07,0.0043700000000000015,0.00435664652243184,0.013295376771774614,1.3295376771774615e-05,0.08563,0
2006-08,0.02249,0.02245370683264114,0.03549488734231407,3.549488734231407e-05,0.08563,0
2006-09,0.01722,0.017207592281743622,0.01219767430488318,1.219767430488318e-05,0.08563,0
2006-10,0.04056,0.04053557616782988,0.023471815339847824,2.3471815339847825e-05,0.06928,0
2006-11,0.02253,0.022520448420465744,0.009341124010148402,9.341124010148402e-06,0.06928,0
2006-12,0.00867,0.008651853350688965,0.017990670200385347,1.7990670200385347e-05,0.06928,0
2007-01,0.019680000000000003,0.019664731134345192,0.014974173912181352,1.4974173912181352e-05,0.06928,0
2007-02,-0.010090000000000002,-0.010101905947199175,0.012027302683194754,1.2027302683194754e-05,0.06928,0
2007-03,0.016890000000000002,0.01687392140469335,0.0158115384226849,1.58115384226849e-05,0.06928,0
2007-04,0.04224000000000001,0.04222271149847079,0.016587831525533725,1.6587831525533724e-05,0.06928,0
2007-05,0.03706,0.03704754222520723,0.012012588271415436,1.2012588271415436e-05,0.06928,0
2007-06,-0.0132,-0.013215844978689661,0.01605693016797488,1.605693016797488e-05,0.06928,0
2007-07,-0.03361,-0.03362592369416295,0.016477503040129696,1.6477503040129695e-05,0.04417000000000001,0
2007-08,0.009840000000000002,0.009822958773662904,0.016875174618942626,1.6875174618942627e-05,0.03361,0
2007-09,0.034210000000000004,0.034198374047453184,0.011241384773825552,1.1241384773825552e-05,0.03361,0
2007-10,0.020880000000000003,0.02086433652368469,0.0153431121338993,1.5343112133899302e-05,0.032100000000000004,0
2007-11,-0.03928,-0.03929876118047182,0.01952825013713662,1.9528250137136617e-05,0.032100000000000004,1
2007-12,-0.002480000000000001,-0.0025078265634108643,0.027895744858023125,2.7895744858023123e-05,0.03361,0
2008-01,-0.061110000000000005,-0.06113268726898713,0.02416392653781374,2.416392653781374e-05,0.032100000000000004,1
2008-02,-0.02239,-0.022417165956501894,0.02778813279510911,2.778813279510911e-05,0.03361,0
2008-03,-0.00643,-0.006461660572866568,0.031865467824592625,3.1865467824592623e-05,0.03361,0
2008-04,0.04747,0.04745277779127788,0.016441720261280046,1.6441720261280045e-05,0.03361,0
2008-05,0.02674,0.026717223853055527,0.022182974214058668,2.2182974214058666e-05,0.03361,0
2008-06,-0.07922000000000001,-0.07923604553807206,0.017426028010986236,1.7426028010986236e-05,0.03361,1
2008-07,-0.01278,-0.012830923131605831,0.051582354091096655,5.158235409109666e-05,0.03928,0
2008-08,0.018530000000000005,0.018484571510949843,0.04460201373554021,4.460201373554021e-05,0.03928,0
2008-09,-0.09252000000000002,-0.09253110327212755,0.01223528025684073,1.223528025684073e-05,0.03928,1
2008-10,-0.17526000000000003,-0.17528960950015426,0.03590161766650503,3.590161766650503e-05,0.061110000000000005,1
2008-11,-0.061180000000000005,-0.06123055517355769,0.05384969808666974,5.384969808666974e-05,0.07922,0
2008-12,0.01604,0.015996878743784748,0.04244051042798405,4.244051042798405e-05,0.07922,0
2009-01,-0.07232,-0.07233982016204077,0.02136530057871734,2.136530057871734e-05,0.07922,0
2009-02,-0.09885,-0.09889145942781985,0.04600724387719904,4.6007243877199036e-05,0.07922,1
2009-03,0.08292000000000002,0.08287962258003678,0.03728569050657492,3.728569050657492e-05,0.09252,0
2009-04,0.11974000000000001,0.1197119537659661,0.025047094891589447,2.5047094891589448e-05,0.09252,0
2009-05,0.04111,0.04103190977666249,0.0750066979834604,7.50066979834604e-05,0.09252,0
2009-06,0.01068,0.010647956771676403,0.03170462295050479,3.170462295050479e-05,0.09252,0
2009-07,0.08327999999999999,0.08325108195037001,0.02669489848418885,2.669489848418885e-05,0.09252,0
2009-08,0.023880000000000002,0.023851123272136343,0.028203234620781295,2.8203234620781293e-05,0.09252,0
2009-09,0.03963,0.03961505762874551,0.014372778059928815,1.4372778059928815e-05,0.09252,0
2009-10,-0.018690000000000002,-0.018704677693506366,0.01495724440425919,1.495724440425919e-05,0.09252,0
2009-11,0.060340000000000005,0.060320258621842315,0.018617969856620217,1.8617969856620217e-05,0.09252,0
2009-12,0.034210000000000004,0.03419292345032732,0.016511684931248438,1.651168493124844e-05,0.09252,0
2010-01,-0.03236,-0.03237915425888349,0.01979481923400471,1.979481923400471e-05,0.09252,0
2010-02,0.03326,0.03323648672522861,0.022756397007151416,2.2756397007151417e-05,0.09252,0
2010-03,0.06029,0.06027222691016787,0.016762479917929646,1.6762479917929646e-05,0.09252,0
2010-04,0.024190000000000003,0.02417383767923864,0.015780588329607936,1.5780588329607936e-05,0.09252,0
2010-05,-0.07561000000000001,-0.07562587778525465,0.017176500454017307,1.7176500454017307e-05,0.09252,0
2010-06,-0.05262,-0.052634253898289685,0.015045597637360894,1.5045597637360894e-05,0.09252,0
2010-07,0.07743,0.07740059466098104,0.027292110874200415,2.7292110874200414e-05,0.09252,0
2010-08,-0.040690000000000004,-0.04071056929881289,0.021441764198138175,2.1441764198138174e-05,0.09252,0
2010-09,0.09233,0.09230152433661698,0.026068736904650197,2.6068736904650197e-05,0.09252,0
2010-10,0.04190000000000001,0.0418790004207521,0.020155081339888095,2.0155081339888095e-05,0.09252,0
2010-11,0.01159,0.011573455712064362,0.016354736539015244,1.6354736539015243e-05,0.09252,0
2010-12,0.06334000000000001,0.06331087453936868,0.027390543599679698,2.7390543599679695e-05,0.09252,0
2011-01,0.014000000000000002,0.013981976978200805,0.017774183233960905,1.7774183233960905e-05,0.09252,0
2011-02,0.0344,0.03437727176331373,0.02197238658777119,2.197238658777119e-05,0.09252,0
2011-03,0.01228,0.012261543309358247,0.018232791956689837,1.8232791956689837e-05,0.09252,0
2011-04,0.03408,0.034068922468565965,0.010712451100485978,1.0712451100485979e-05,0.09252,0
2011-05,-0.00766,-0.007671012778353692,0.011097787405229778,1.1097787405229778e-05,0.09252,0
2011-06,-0.014110000000000001,-0.014131519214583665,0.021827196323840642,2.182719632384064e-05,0.09252,0
2011-07,-0.02756,-0.027566127252817263,0.006300905780563734,6.300905780563734e-06,0.09252,0
2011-08,-0.054740000000000004,-0.05476400962732919,0.025400024680185915,2.5400024680185918e-05,0.09252,0
2011-09,-0.07303000000000001,-0.07306110624420803,0.0335569049785244,3.35569049785244e-05,0.09252,0
2011-10,0.11475,0.11470435510210675,0.04094630894203698,4.094630894203698e-05,0.09252,0
2011-11,-0.0040500000000000015,-0.004088408513568065,0.03856470060551692,3.856470060551692e-05,0.09252,0
2011-12,0.01016,0.010136702268989328,0.023063406797529967,2.3063406797529967e-05,0.09252,0
2012-01,0.04469000000000001,0.04467390811713012,0.015403500435574535,1.5403500435574536e-05,0.09252,0
2012-02,0.04186,0.04182357095207179,0.03496539643339179,3.496539643339179e-05,0.09252,0
2012-03,0.02467,0.024655365510145355,0.014282149233102379,1.4282149233102379e-05,0.09252,0
2012-04,-0.007649999999999999,-0.007668855879941927,0.01900123942342412,1.9001239423424117e-05,0.09252,0
2012-05,-0.05231000000000001,-0.052328316817856546,0.01932785811457656,1.932785811457656e-05,0.09252,0
2012-06,0.03226,0.03222609201975324,0.03284829427344385,3.284829427344385e-05,0.09252,0
2012-07,0.01397,0.013946319155290432,0.023354581210160222,2.335458121016022e-05,0.09252,0
2012-08,0.01915,0.01913690343451968,0.01285047881101016,1.285047881101016e-05,0.09252,0
2012-09,0.028460000000000003,0.02844171447264876,0.017779522150811966,1.7779522150811965e-05,0.09252,0
2012-10,-0.0075299999999999985,-0.007542255575326284,0.012348559982887017,1.2348559982887017e-05,0.09252,0
2012-11,0.007369999999999999,0.007348193459671304,0.0216470019244914,2.16470019244914e-05,0.09252,0
2012-12,0.013090000000000001,0.013072806926313074,0.016970924287997444,1.6970924287997442e-05,0.09252,0
2013-01,0.05466,0.054638921166253684,0.019986378307948957,1.9986378307948957e-05,0.09252,0
2013-02,0.01314,0.013127396509965195,0.012440028065917,1.2440028065917e-05,0.09252,0
2013-03,0.04365000000000001,0.043642129926762196,0.007540912410920544,7.540912410920544e-06,0.09252,0
2013-04,0.022990000000000003,0.022978453195803272,0.011287308963733103,1.1287308963733103e-05,0.09252,0
2013-05,0.019700000000000002,0.019682763612156595,0.016903391039990598,1.6903391039990597e-05,0.09252,0
2013-06,-0.007489999999999999,-0.007523988868490705,0.034245366284201245,3.424536628420125e-05,0.09252,0
2013-07,0.056620000000000004,0.0566069374339806,0.012362595842863103,1.2362595842863103e-05,0.09252,0
2013-08,-0.02819,-0.028202103707671622,0.012454808729723071,1.2454808729723072e-05,0.09252,0
2013-09,0.03723,0.037216496296642365,0.013019005772733322,1.3019005772733322e-05,0.09252,0
2013-10,0.04042,0.04040766417751107,0.011856579543592025,1.1856579543592025e-05,0.07561,0
2013-11,0.021740000000000002,0.021730238465619722,0.009553834028565342,9.553834028565342e-06,0.07303,0
2013-12,0.02358,0.023562809097422033,0.016794879323506984,1.6794879323506985e-05,0.07303,0
2014-01,-0.03225,-0.03226051725414725,0.010867738720959794,1.0867738720959794e-05,0.07303,0
2014-02,0.04851000000000001,0.04848279453774218,0.025946783776801832,2.594678377680183e-05,0.07303,0
2014-03,0.00606,0.00604686617268313,0.01305471573947796,1.3054715739477959e-05,0.054740000000000004,0
2014-04,0.008440000000000001,0.008424010262926718,0.015855913166212723,1.5855913166212724e-05,0.054740000000000004,0
2014-05,0.01837,0.018352614475903417,0.017071913053825716,1.7071913053825715e-05,0.054740000000000004,0
2014-06,0.02758,0.02756909829009091,0.010609110637587543,1.0609110637587543e-05,0.054740000000000004,0
2014-07,-0.026820000000000004,-0.026831251073785034,0.011561143657914705,1.1561143657914705e-05,0.054740000000000004,0
2014-08,0.04232,0.0422991360348548,0.02001685196983087,2.0016851969830872e-05,0.054740000000000004,0
2014-09,-0.02867,-0.02868106342558907,0.011389976206923016,1.1389976206923016e-05,0.054740000000000004,0
2014-10,0.026030000000000005,0.026004671690012637,0.024685740170693804,2.4685740170693804e-05,0.054740000000000004,0
2014-11,0.021460000000000003,0.021441458952428327,0.01815151603754274,1.815151603754274e-05,0.054740000000000004,0
2014-12,-0.0011,-0.001126603171538787,0.02663246725275578,2.6632467252755783e-05,0.054740000000000004,0
2015-01,-0.024810000000000002,-0.024821929944739196,0.012233456802482737,1.2233456802482736e-05,0.054740000000000004,0
2015-02,0.05371000000000001,0.05368453436019638,0.024167598109086405,2.4167598109086405e-05,0.054740000000000004,0
2015-03,-0.01157,-0.011592501882719097,0.02276527697374045,2.276527697374045e-05,0.054740000000000004,0
2015-04,0.008320000000000001,0.008308156374047915,0.011745900063737436,1.1745900063737436e-05,0.054740000000000004,0
2015-05,0.007870000000000002,0.00785156023310063,0.01829577911774044,1.829577911774044e-05,0.054740000000000004,0
2015-06,-0.01874,-0.01875474221766693,0.015023762985305625,1.5023762985305626e-05,0.05262000000000001,0
2015-07,0.008530000000000001,0.008515397148319392,0.014479342885677635,1.4479342885677635e-05,0.05231,0
2015-08,-0.05748,-0.05750958593017563,0.03139024124220406,3.1390241242204066e-05,0.05231,1
2015-09,-0.03036,-0.030372345287102753,0.012731825319356599,1.2731825319356599e-05,0.054740000000000004,0
2015-10,0.07552,0.0755017204636772,0.016995998514912736,1.6995998514912737e-05,0.054740000000000004,0
2015-11,0.0013800000000000002,0.0013603321638648858,0.01964073192502233,1.964073192502233e-05,0.054740000000000004,0
2015-12,-0.025620000000000004,-0.025632988100661058,0.013329605144900072,1.3329605144900072e-05,0.054740000000000004,0
2016-01,-0.046520000000000006,-0.04653773524858884,0.01860054598821813,1.860054598821813e-05,0.054740000000000004,0
2016-02,0.0055000000000000005,0.005458682415992122,0.04109158031631498,4.109158031631498e-05,0.054740000000000004,0
2016-03,0.07255999999999999,0.07254323158309295,0.01563401292889109,1.563401292889109e-05,0.054740000000000004,0
2016-04,0.01578,0.01576324459260081,0.016495114492429297,1.6495114492429298e-05,0.054740000000000004,0
2016-05,0.01066,0.010635090192994356,0.024647069247277928,2.4647069247277928e-05,0.054740000000000004,0
2016-06,0.009450000000000002,0.009436544129182822,0.013329903231551657,1.3329903231551656e-05,0.054740000000000004,0
2016-07,0.03311,0.03308034075209276,0.02870870275892813,2.8708702758928128e-05,0.054740000000000004,0
2016-08,-0.0037300000000000007,-0.003757086401022236,0.027187811559272523,2.7187811559272522e-05,0.054740000000000004,0
2016-09,0.0022500000000000003,0.0022294674912424206,0.02048641432543387,2.048641432543387e-05,0.05231,0
2016-10,-0.025170000000000005,-0.025183237651583923,0.013579446245946633,1.3579446245946633e-05,0.04652,0
2016-11,0.04236000000000001,0.04234101397765766,0.01821445790548093,1.821445790548093e-05,0.04652,0
2016-12,0.022670000000000003,0.022630100211481707,0.03901531140872633,3.9015311408726325e-05,0.04652,0
2017-01,0.01676,0.016744957436123142,0.014794606275729205,1.4794606275729205e-05,0.04652,0
2017-02,0.02832,0.02830409318132099,0.01546874385302334,1.546874385302334e-05,0.04652,0
2017-03,0.0026300000000000004,0.0026098054374512625,0.020141590166485132,2.0141590166485132e-05,0.04652,0
2017-04,0.00829,0.008282507943608186,0.007430457895734197,7.430457895734197e-06,0.04652,0
2017-05,0.006990000000000001,0.006978924298465916,0.010998819783990685,1.0998819783990685e-05,0.04652,0
2017-06,0.00495,0.004931607336219779,0.018302068540899094,1.8302068540899094e-05,0.03225000000000001,0
2017-07,0.017410000000000002,0.017384669786357554,0.024896761032887224,2.4896761032887225e-05,0.03225000000000001,0
2017-08,-0.0034000000000000002,-0.003414585441464002,0.014635201148013074,1.4635201148013074e-05,0.03225000000000001,0
2017-09,0.026180000000000002,0.026159756473209006,0.019727072044952873,1.972707204495287e-05,0.03225000000000001,0
2017-10,0.011610000000000002,0.011581672002026755,0.028002884484203586,2.8002884484203584e-05,0.03225000000000001,0
2017-11,0.0317,0.031675678392265816,0.023574302349719786,2.3574302349719786e-05,0.03225000000000001,0
2017-12,0.011640000000000001,0.011625507376950672,0.014325869923427367,1.4325869923427367e-05,0.03225000000000001,0
2018-01,0.0413,0.04127798081372824,0.02114586216440628,2.1145862164406283e-05,0.03225000000000001,0
2018-02,-0.049960000000000004,-0.0499835388764045,0.024776721405934884,2.4776721405934885e-05,0.03225000000000001,1
2018-03,-0.01593,-0.015950935984632153,0.02127489368868679,2.127489368868679e-05,0.04652,0
2018-04,0.006890000000000001,0.006869661040962649,0.0201997825357952,2.01997825357952e-05,0.04652,0
2018-05,0.018860000000000002,0.018830811076125498,0.028648611069729588,2.864861106972959e-05,0.04652,0
2018-06,0.01659,0.01657253898965516,0.01717605951749998,1.717605951749998e-05,0.04652,0
2018-07,0.02773,0.027710379323188317,0.019091275735547295,1.9091275735547294e-05,0.04652,0
2018-08,0.02095,0.02093618176515233,0.013534683233923303,1.3534683233923303e-05,0.04652,0
2018-09,0.00394,0.003911571668152147,0.028316763798423017,2.8316763798423016e-05,0.04652,0
2018-10,-0.058370000000000005,-0.05838385516899425,0.014714026734665459,1.4714026734665458e-05,0.04652,1
2018-11,0.024300000000000002,0.02425721051283425,0.04177436997546806,4.1774369975468065e-05,0.04996,0
2018-12,-0.09441000000000002,-0.0944287076875916,0.020658010348530695,2.0658010348530695e-05,0.04996,1
2019-01,0.08182,0.08179848282132096,0.01988979560286666,1.988979560286666e-05,0.05748,0
2019-02,0.03218,0.03216225728930899,0.01718955094193121,1.718955094193121e-05,0.05748,0
2019-03,0.010040000000000002,0.010029509941289483,0.010385785425022775,1.0385785425022775e-05,0.05748,0
2019-04,0.03172,0.03169722134172903,0.022078333531345293,2.207833353134529e-05,0.05748,0
2019-05,-0.06757,-0.0675907829258714,0.022288993137673033,2.2288993137673032e-05,0.05748,1
2019-06,0.07344,0.07340591903117666,0.031749300215565796,3.17493002155658e-05,0.058370000000000005,0
2019-07,0.006070000000000001,0.00605166010418845,0.018229244298703193,1.8229244298703193e-05,0.058370000000000005,0
2019-08,-0.02029,-0.020304862120945955,0.015169918594133622,1.5169918594133622e-05,0.058370000000000005,0
2019-09,0.02144,0.021414364692898813,0.02509722264751814,2.5097222647518136e-05,0.058370000000000005,0
2019-10,0.017580000000000002,0.01756670244180758,0.013067825814536374,1.3067825814536375e-05,0.058370000000000005,0
2019-11,0.027800000000000002,0.02777687000530671,0.022504373120540905,2.2504373120540903e-05,0.058370000000000005,0
2019-12,0.032619999999999996,0.03260378430939892,0.015703444249854065,1.5703444249854065e-05,0.058370000000000005,0
2020-01,-0.005169999999999999,-0.005183406726850137,0.013476399837306974,1.3476399837306974e-05,0.058370000000000005,0
2020-02,-0.08510999999999999,-0.08514214157745548,0.035131630529839294,3.51316305298393e-05,0.058370000000000005,1
2020-03,-0.15318,-0.15319852120823274,0.02187148181748623,2.187148181748623e-05,0.06757,1
2020-04,0.14886,0.1487731781906898,0.07557214047849602,7.557214047849602e-05,0.08511,0
2020-05,0.04692,0.04686274317372008,0.05469073690440958,5.4690736904409577e-05,0.08511,0
2020-06,0.01777,0.01775712476036384,0.012650441294463757,1.2650441294463757e-05,0.08511,0
2020-07,0.06022,0.0601788066658675,0.03885357202511375,3.885357202511375e-05,0.08511,0
2020-08,0.08165,0.08161483938654235,0.03250646092320458,3.250646092320458e-05,0.08511,0
2020-09,-0.04202,-0.042082492551934414,0.06523367078075162,6.523367078075161e-05,0.08511,0
2020-10,-0.021130000000000003,-0.021164054760391626,0.03478987035219941,3.478987035219941e-05,0.08511,0
2020-11,0.14827,0.14824963104367295,0.017738821293940957,1.7738821293940956e-05,0.08511,0
2020-12,0.05109,0.05102806800907467,0.05892168218276189,5.892168218276189e-05,0.08511,0
2021-01,0.007270000000000002,0.00724808536817978,0.021756462339095575,2.1756462339095577e-05,0.08511,0
2021-02,0.0303,0.030263649466975018,0.035281503469774794,3.528150346977479e-05,0.08511,0
2021-03,0.04193,0.04186713833951283,0.06033194215277103,6.033194215277104e-05,0.08511,0
2021-04,0.040080000000000005,0.0400492447047307,0.02957012467248278,2.957012467248278e-05,0.08511,0
2021-05,0.00355,0.0035354920988768246,0.01445658026305674,1.445658026305674e-05,0.08511,0
2021-06,0.01993,0.01990501880384632,0.02449304967365852,2.449304967365852e-05,0.08511,0
2021-07,0.0013900000000000006,0.0013600838750698063,0.02987459923720258,2.9874599237202582e-05,0.08511,0
2021-08,0.01808,0.018058432429802762,0.02118455347067577,2.118455347067577e-05,0.08511,0
2021-09,-0.02593,-0.025942973822489446,0.013319189061763298,1.3319189061763297e-05,0.08511,0
2021-10,0.07284000000000002,0.07279768644232965,0.03944069728048291,3.9440697280482914e-05,0.08511,0
2021-11,-0.02389,-0.023939746271913753,0.050963797024719426,5.096379702471942e-05,0.08511,0
2021-12,0.039490000000000004,0.03945963881130199,0.029207773714028135,2.9207773714028135e-05,0.08511,0
2022-01,-0.0327,-0.03272645746818148,0.02735187447690693,2.735187447690693e-05,0.08511,0
2022-02,-0.010110000000000001,-0.010162866450325603,0.05340638891760571,5.340638891760572e-05,0.08511,0
2022-03,0.04596,0.045936512947014396,0.022455020254775776,2.2455020254775776e-05,0.08511,0
2022-04,-0.07391,-0.07394767541940417,0.04068224406287052,4.068224406287052e-05,0.08511,0
2022-05,0.013380000000000003,0.013331798001274153,0.04756557138075136,4.756557138075136e-05,0.08511,0
2022-06,-0.08274,-0.08278528642002025,0.049371410527146775,4.9371410527146774e-05,0.08511,0
2022-07,0.09484000000000001,0.09480489866044528,0.03206070252709155,3.206070252709154e-05,0.08511,0
2022-08,-0.02654,-0.026587255719630276,0.048544079500200954,4.854407950020095e-05,0.08511,0
2022-09,-0.09032000000000001,-0.09033819621654704,0.02000287633801083,2.000287633801083e-05,0.08511,1
2022-10,0.08273,0.08270002996504267,0.027680063318969328,2.7680063318969326e-05,0.09032000000000001,0
2022-11,0.03673,0.03667855847485524,0.04961901859189273,4.961901859189273e-05,0.09032000000000001,0
2022-12,-0.06820999999999999,-0.06823854338817248,0.030632855227494177,3.063285522749418e-05,0.09032000000000001,0
2023-01,0.07548,0.07542575912263483,0.050434110690176975,5.043411069017698e-05,0.09032000000000001,0
2023-02,-0.02336,-0.023417642355636592,0.059021088258266075,5.9021088258266075e-05,0.09032000000000001,0
2023-03,0.017669999999999998,0.017636438897280504,0.032978374836172955,3.297837483617295e-05,0.09032000000000001,0
2023-04,0.0010199999999999992,0.000991189210844512,0.028781432094883402,2.8781432094883404e-05,0.09032000000000001,0
2023-05,-0.01959,-0.019621446928413055,0.03207528321112467,3.207528321112467e-05,0.09032000000000001,0
2023-06,0.07769000000000001,0.07762735083907746,0.0581328219826399,5.8132821982639904e-05,0.09032000000000001,0
2023-07,0.031170000000000003,0.03113200796516602,0.036843619222596505,3.6843619222596504e-05,0.09032000000000001,0
2023-08,-0.019370000000000002,-0.019384801172764976,0.01509353452873917,1.5093534528739169e-05,0.09032000000000001,0
2023-09,-0.03915,-0.039168724537797184,0.019487472339210526,1.9487472339210525e-05,0.09032000000000001,0
2023-10,-0.03816,-0.0381792398030909,0.020003122235520643,2.0003122235520643e-05,0.09032000000000001,0
2023-11,0.07565000000000001,0.07561163696914242,0.03566497546369457,3.566497546369457e-05,0.09032000000000001,0
2023-12,0.04468,0.04464754222507317,0.031069585831822594,3.106958583182259e-05,0.09032000000000001,0
2024-01,-0.01071,-0.010729227461193869,0.01943561664816014,1.943561664816014e-05,0.08511,0
2024-02,0.04197000000000001,0.041928383973718564,0.03993975477362552,3.9939754773625515e-05,0.08511,0
2024-03,0.03398,0.03395551321968959,0.023682063783026397,2.3682063783026398e-05,0.08511,0
2024-04,-0.0314,-0.03142380891081065,0.024580746242673937,2.4580746242673936e-05,0.08511,0
2024-05,0.031650000000000005,0.031626163197398194,0.023105513111707623,2.3105513111707623e-05,0.08511,0
2024-06,0.009120000000000001,0.00909944883322833,0.0203654340134736,2.03654340134736e-05,0.08511,0
2024-07,0.03783,0.03779603644965901,0.03272554304740764,3.272554304740764e-05,0.08511,0
2024-08,0.015670000000000003,0.01564282295183217,0.02675775416012255,2.675775416012255e-05,0.08511,0
2024-09,0.03097,0.030945770423562724,0.0235017279234397,2.35017279234397e-05,0.08511,0
2024-10,-0.010640000000000002,-0.010671556800139648,0.03189617544642426,3.1896175446424256e-05,0.08511,0
2024-11,0.08409,0.0840708901415057,0.01762755720870056,1.762755720870056e-05,0.08511,0
2024-12,-0.03945,-0.039494982614358576,0.04683006023485131,4.683006023485131e-05,0.08511,0
2025-01,0.03028,0.030231915618760263,0.04667117797095416,4.667117797095416e-05,0.08511,0
2025-02,-0.009479999999999999,-0.009501320195985596,0.021524245836083408,2.152424583608341e-05,0.08511,0
2025-03,-0.03586,-0.03591557539215762,0.057642450430077125,5.764245043007712e-05,0.08274000000000001,0
2025-04,-0.01725,-0.01728674380484163,0.03738876096832408,3.738876096832408e-05,0.07391,0
2025-05,0.05257,0.05253588719969482,0.0324090562197914,3.2409056219791396e-05,0.07391,0
2025-06,0.024550000000000002,0.02450930884577751,0.039716123393218505,3.9716123393218505e-05,0.07391,0
2025-07,0.007970000000000001,0.007943584505880619,0.026206627299790147,2.620662729979015e-05,0.07391,0
2025-08,0.029790000000000004,0.02976371301060543,0.02552655336964396,2.552655336964396e-05,0.07391,0
2025-09,0.03511,0.03508914079305492,0.020151681410773045,2.0151681410773046e-05,0.07391,0
2025-10,0.00458,0.004530238298422473,0.04953483204683565,4.953483204683565e-05,0.07391,0
2025-11,0.015440000000000002,0.015410383252702387,0.02916641780644652,2.9166417806446522e-05,0.07391,0
2025-12,0.002140000000000001,0.0021095836732845097,0.030351374773497225,3.0351374773497224e-05,0.07391,0
