month,NoDur,Durbl,Manuf,Enrgy,HiTec,Telcm,Shops,Hlth,Utils,Other
2005-01,0.13993417512779013,0.07529467314917329,0.11181154776325174,0.10343263995695876,0.050345862896601264,0.07468494589977087,0.10375281058180018,0.12756338885425206,0.10224701114517225,0.11093294462522946
2005-02,0.14058780807350246,0.0736202345740528,0.11378221942521631,0.1019194341817127,0.04962701211189815,0.07365225747448481,0.10679297503156418,0.12819132841678044,0.10151948375497731,0.11030724695581096
2005-03,0.1444712696917857,0.0743101592267357,0.11360304318509618,0.09336959042140965,0.05075746140648118,0.07333989036537784,0.10695493272726961,0.1276143864709494,0.1030578438496081,0.11252142265528656
2005-04,0.1444569123969274,0.07287672760043884,0.11256571781412404,0.0932126706659854,0.04956064954562669,0.07252722814775198,0.11108154761982476,0.12433004637963331,0.10120726208270804,0.1181812377469796
2005-05,0.14482926901276155,0.0721855018913836,0.1112407293372767,0.09226452440095752,0.049838893186314966,0.07312154773166225,0.1106473928323096,0.12485082967829722,0.1025424571971959,0.1184788547318408
2005-06,0.14752553697634713,0.07264596028851078,0.11042312427176242,0.09333382071180331,0.04952797504287383,0.07353426885983658,0.10865702109312958,0.12462925193839182,0.10209220381855393,0.11763083699879073
2005-07,0.14536040866152664,0.07288529661798293,0.1091361777787872,0.0927037757134847,0.049682892182690404,0.07296572236690821,0.10750386239617722,0.13156507492909328,0.10124528227957899,0.11695150707377035
2005-08,0.1448074673387571,0.07272309174064329,0.10808514762879202,0.09247774647486413,0.04949789263551083,0.07321160282765662,0.10636084210842844,0.133668422650297,0.10128509888256314,0.11788268771248753
2005-09,0.14377011536129775,0.07198162451383174,0.10848277852808766,0.09224098248679666,0.04964148057292211,0.07228864568234199,0.10384926006355696,0.13293118806006043,0.10427289927729624,0.12054102545380842
2005-10,0.14380917240466118,0.07153716509211672,0.10969568067152179,0.09104091479255981,0.05016857506177674,0.07203529996455132,0.10320789785550707,0.13297978908797817,0.10573008953713178,0.11979541553219547
2005-11,0.1484930487939154,0.07127106366567557,0.10968847568544393,0.08820086282291155,0.050410113496821764,0.07203462822637745,0.10345407425870579,0.13267425699612936,0.10373006785755773,0.12004340819646139
2005-12,0.14765200094109693,0.07231764889653028,0.10839609585081282,0.08776029730857435,0.05220344717831326,0.07476992136702748,0.10219208128024175,0.1313017256553108,0.10297671106946495,0.12043007045262731
2006-01,0.14881440675121882,0.07150823116214546,0.10897927914787536,0.08772070982622675,0.05192712843341004,0.07414075133937097,0.10201617121296214,0.13040589132808034,0.10319608732497508,0.12129134347373509
2006-02,0.14725179576857886,0.07214469019740653,0.10644895300299152,0.0839160287936456,0.05239820030543473,0.07670681001546306,0.10164662232164737,0.13391228208851533,0.10631298673423925,0.11926163077207771
2006-03,0.1459420836834641,0.0715447787210296,0.10650234966558085,0.08127246728072425,0.05601751455024124,0.07745379882710432,0.10209488062907264,0.13267870471894208,0.1067509985000389,0.11974242342380192
2006-04,0.14711064210121488,0.07053757703812888,0.10693321135478259,0.07989446290723282,0.05646922883472946,0.0767201020648428,0.1008342541195026,0.13770136454233342,0.10423991602321846,0.11955924101401409
2006-05,0.1453890747340072,0.07069191916149785,0.10733505252126545,0.08029893587796998,0.05817636518575964,0.07610294908377178,0.10049788323381893,0.13748333417440994,0.10402082211327106,0.12000366391422819
2006-06,0.14645946927697584,0.07080052811952371,0.10658925435461777,0.07992124552212827,0.0579237059851545,0.07619603436150249,0.10040133726415175,0.13787990910694398,0.10406310006906731,0.11976541593993432
2006-07,0.1460082889403627,0.07044400891923852,0.10728894887233954,0.08097337878530317,0.057518966989575766,0.07558922394763774,0.10008608923343688,0.1378652410778677,0.10532519666480174,0.11890065656943624
2006-08,0.1455096554343914,0.07059855861260184,0.10652361834243494,0.08120597887756278,0.058007640071317104,0.07567298832717029,0.10011526097083097,0.13697424243851059,0.10581429307320406,0.11957776385197594
2006-09,0.14376906463227082,0.0715146216094731,0.10601186744363093,0.08056037933218611,0.05842337147872299,0.07625651083768116,0.10140162205401144,0.13634392731336145,0.1048056621199496,0.12091297317871243
2006-10,0.14113066379785147,0.07423332718618532,0.11310827503308754,0.07863289809746293,0.05981412632571072,0.07368077603900383,0.10158101275476944,0.13182556477534269,0.10369354499995426,0.12229981099063184
2006-11,0.1405073561856249,0.07384821285965663,0.1128101793766108,0.07854447354673352,0.06191399582580614,0.07493365443944931,0.10105303933795134,0.1315766959365478,0.10267330179632914,0.12213909069529041
2006-12,0.13807463471738424,0.07625337825212188,0.11370726565111963,0.07673733367678333,0.06325559168668918,0.07401758242950954,0.10282544948821691,0.13141626584431698,0.10073990004013608,0.12297259821372222
2007-01,0.1377319205514168,0.07608653439306798,0.11359371793063813,0.07665600883465215,0.06310664327203637,0.07365024421157595,0.1032714798096689,0.13205109370635892,0.10094179339835116,0.1229105638922337
2007-02,0.1373778005799926,0.0759232920942153,0.11308264281694946,0.07674392462139648,0.06295347333227957,0.07448354554500729,0.10279037095307475,0.13134001260503983,0.10213364361886011,0.12317129383318455
2007-03,0.13801517233111044,0.07591081284043438,0.11360250354919774,0.07662615873590897,0.06501752702625534,0.07434317429512319,0.10254768192852723,0.13015143254903033,0.10160139518236476,0.12218414156204753
2007-04,0.1375147555292172,0.07603253871550769,0.11362969331769401,0.07634289095700916,0.06490503881654555,0.07362361193609869,0.10175218822554391,0.1289886453600223,0.10451692971703,0.12269370742533156
2007-05,0.13577542737162152,0.0748779189569321,0.11251919184506297,0.07638059228815898,0.06633912804266588,0.07677072451752721,0.10116440705306942,0.1302219708298413,0.10350247738913693,0.12244816170598358
2007-06,0.13501007698490117,0.07462496857597471,0.11155128918719769,0.07576744355393149,0.06635953985606913,0.07582878858587948,0.10106565954922828,0.13076121520413692,0.10706689593329183,0.12196412256938931
2007-07,0.1363000742853508,0.07393483755333388,0.10914082825726287,0.07355235850679281,0.06689089053929799,0.07876656480817534,0.09937077987894062,0.13707670159791224,0.10463288271062063,0.12033408186231281
2007-08,0.13503678076840475,0.07354076833289393,0.11156697631409257,0.07454687576246813,0.06602294486657487,0.07950037265217841,0.10147487421751984,0.1304381729838352,0.11094708701332959,0.11692514708870255
2007-09,0.13512784728534297,0.07336399816478505,0.11204283544975181,0.07448936182108278,0.06603420768022435,0.07938028293884664,0.10146769290687735,0.13002007109490726,0.11119337669011345,0.1168803259680685
2007-10,0.13564274518904312,0.07155355703885297,0.11117889839008113,0.0710704565638995,0.06710757831003888,0.07757193255421613,0.10105050542915456,0.12564313992293744,0.11667595271288045,0.12250523388889578
2007-11,0.13374440750240119,0.06960895853289333,0.1080361227186637,0.06883001386853857,0.07126341170435888,0.0914365071064087,0.09934242665931713,0.12475262228068039,0.11122238770527874,0.12176314192145932
2007-12,0.13397691667429074,0.06996927150337585,0.10810503088949071,0.06764922753898438,0.07503871664432009,0.0950305301288184,0.09766062597934107,0.12555201132195073,0.11025439162702838,0.11676327769239957
2008-01,0.13077006091813012,0.06956356961326621,0.1082914678635158,0.0656585100783399,0.0798597481723837,0.09977679825993119,0.0988770814866117,0.12310943154518035,0.10830907078542966,0.11578426127721124
2008-02,0.13162383878698236,0.07076800805498555,0.10657708442522984,0.06510450558789553,0.07585762964829325,0.09870055179827064,0.10346977747355622,0.12264051355709461,0.10647259873088723,0.11878549193680481
2008-03,0.13430668994998315,0.07064769949818221,0.10808202245010035,0.06490555068724838,0.0754794746128246,0.10115306831809046,0.10184562866116043,0.12359009019376337,0.10765626386040551,0.11233351176824141
2008-04,0.1362157629358337,0.07013638213215773,0.10754091080765917,0.06424514066807925,0.07537225750130665,0.10091521269351465,0.10253397876644121,0.12386459005906265,0.10791617835304822,0.11125958608289689
2008-05,0.1329496565147505,0.07225855087584585,0.10499736665258971,0.061134158364337964,0.0740649637897848,0.10496439845352144,0.10297809667181818,0.12181364560584278,0.10523413681485938,0.11960502625664925
2008-06,0.14244906392905654,0.07041451676698576,0.102708547598969,0.06006636275511596,0.07373108262442278,0.10334999235473785,0.10073044848585325,0.11993679870754398,0.1087845054545938,0.11782868132272127
2008-07,0.1391106268349388,0.06628262477714343,0.1014524418974003,0.06465420195354422,0.07619629011683222,0.10062657334625247,0.10269055813090515,0.12922970524650093,0.11639829616723235,0.10335868152925018
2008-08,0.14130298427527696,0.06783362284419188,0.10337432772409098,0.06047625931218433,0.07767435974006515,0.10114198224037989,0.10430206714267629,0.12491490015897139,0.11496381206209456,0.10401568450006851
2008-09,0.1406504735417482,0.06886520007739476,0.1035887222341677,0.060415666446164,0.07818938178832884,0.09994488721027865,0.10501274657943921,0.12553188676237287,0.11420050237937071,0.10360053298073515
2008-10,0.1458713999710987,0.07134759450400881,0.09709901606853769,0.061180723413111496,0.07751237407223915,0.09722887167015208,0.10980787437185136,0.12732419129245456,0.10643825035270801,0.10618970428383817
2008-11,0.13995872825531389,0.0640581108369242,0.09270212810556967,0.06531314909812852,0.08120816380082851,0.10054268282270082,0.11351462897773797,0.13079479618885123,0.1114675299371614,0.10044008197678363
2008-12,0.14155211242008106,0.06454483651184616,0.09255788349909377,0.06676262530139739,0.08040114569563936,0.10269968852819578,0.11226240687037345,0.1286696979041051,0.1139589070284126,0.09659069624085528
2009-01,0.14157775902947448,0.06605984870486352,0.0932162119427681,0.06799682780378397,0.07974405216882093,0.10406107078449464,0.11019008065401445,0.12639218168021846,0.11413574325203618,0.09662622397952533
2009-02,0.14171824471607208,0.06612066343139941,0.09254138692498315,0.0694135111003671,0.0821105773151432,0.10197523779422432,0.10965408828145666,0.1300683898780023,0.11695638207306423,0.08944151848528752
2009-03,0.14234335473705614,0.06741494075017021,0.09062531115719101,0.06979023408188341,0.08501466447577659,0.10408344643584334,0.11583560004208801,0.12563304053296018,0.11127939875677456,0.08798000903025653
2009-04,0.14196551894579226,0.06716266177154506,0.091520288086423,0.0716949243487783,0.08436805995821386,0.10426454886729064,0.11329883548340221,0.1259373042197282,0.11421424835781614,0.0855736099610102
2009-05,0.14547353973386823,0.054000121621993115,0.08784290783861909,0.07450213382551722,0.08503274924587424,0.10462533916958407,0.11361689708409811,0.13207016928274323,0.11973903476099261,0.08309710743670992
2009-06,0.14266457772461086,0.054544409887659275,0.08819432082747874,0.07408462544780227,0.08622554635191741,0.10602832196227054,0.11476794501458921,0.1304507780219156,0.12009771592837802,0.08294175883337805
2009-07,0.14305646108306333,0.05468681349014862,0.08882742619995425,0.07398700175594645,0.08608494986375567,0.10611327004823527,0.11493987836426366,0.12971733273992,0.1194958114998187,0.08309105495489408
2009-08,0.1436798686778365,0.053146884263047624,0.0873450279000559,0.07448048306622365,0.0871891072659553,0.10592921834751874,0.1147338778802063,0.13146670524252488,0.11982334462822496,0.082205482728406
2009-09,0.14378661684627336,0.0531649244385398,0.08728943511636623,0.07461481122199985,0.08771147690145721,0.10603406609429404,0.11437800774298815,0.13142186969337905,0.1203857702163533,0.08121302172834899
2009-10,0.14355031752835995,0.05331993096740475,0.0868105592940833,0.07542079194143116,0.08766391672963388,0.10487040912389076,0.11474454470430377,0.13172228424864385,0.12061791437761436,0.08127933108463421
2009-11,0.14391497328169536,0.05336428571274331,0.0866630302703071,0.0754068176143704,0.08806744656706089,0.10462574711685682,0.11511654689114549,0.13125254205950027,0.12072754551071026,0.0808610649756102
2009-12,0.14520879709914397,0.053372886795974905,0.08701028250787525,0.07616642453209567,0.08872620461565658,0.10398150914756518,0.11520265180697888,0.12777580498795227,0.1215109535731187,0.08104448493363868
2010-01,0.14639547215170037,0.05327847348720866,0.08689071484840505,0.07621268678495734,0.08811407225041348,0.10306319681259976,0.11544834254521287,0.1292434785541273,0.12003435062790146,0.08131921193747378
2010-02,0.14596441075236133,0.05365355645156294,0.08692643669782231,0.07600005409209062,0.08786640335128786,0.10235239716481966,0.11562244056470591,0.13096870920522655,0.11905009040732907,0.08159550131279371
2010-03,0.14504019225977144,0.05321734876017729,0.086453488140381,0.08105999588210729,0.08719058876226107,0.10180873231489411,0.11449976268795896,0.13084988277345344,0.118803274447215,0.08107673397178032
2010-04,0.14391611936852094,0.05362033121111257,0.08660368013797742,0.08198136680975437,0.08740336351590301,0.10093621806245978,0.11393183289346934,0.13134839379710977,0.11951821653603659,0.08074047766765606
2010-05,0.14339470459937395,0.05386100213591657,0.08677655941355644,0.08222982257694084,0.08762157895327706,0.10046446504505736,0.11493723739020834,0.13132527275252293,0.11895065324979524,0.08043870388335128
2010-06,0.14246497907572134,0.05463992929744724,0.08661528982928765,0.08153170043679087,0.0887908746455901,0.10094616925490796,0.11685686353944684,0.12882416475284358,0.11858642335074224,0.08074360581722229
2010-07,0.1432843226022156,0.05441758997467661,0.08643143141221478,0.0817178342026568,0.0885265735283736,0.10106992822323667,0.11368951273137558,0.12947036829667952,0.12069779128961775,0.08069464773895291
2010-08,0.14110964143519372,0.0540011985004401,0.08619287260634097,0.08217300836207385,0.08912653957759277,0.09970719404171578,0.11539412488700462,0.13136856043167366,0.12009469785867549,0.08083216229928893
2010-09,0.14119540550722218,0.053718936697453014,0.08574734310818816,0.08257802276366152,0.08834546058659327,0.09983847561241402,0.11639561999038689,0.13144921228782772,0.1203997757088463,0.08033174773740685
2010-10,0.14165530173559426,0.05422362743030145,0.08589647478453134,0.08382933706599366,0.08734057483248668,0.10042979795262362,0.11294932513448028,0.12953475117051538,0.1232491909277912,0.08089161896568212
2010-11,0.14046848464613573,0.05391660294556301,0.08544187489984668,0.08522490336097077,0.08653766785433498,0.10000075926577728,0.11247285280112225,0.12974620852172383,0.12560803896863887,0.0805826067358868
2010-12,0.14046633220212154,0.05375125644850071,0.08582445536678607,0.084845972248979,0.08716024044124811,0.09998281725775471,0.11243579127509531,0.12905042402237843,0.12548158598530681,0.08100112475182934
2011-01,0.1405898186122194,0.05389618012790886,0.08581149062859157,0.08424169011540347,0.08741974485993567,0.09989494561436747,0.11305866860772715,0.1287212551138299,0.1260651042646226,0.08030110205539374
2011-02,0.1395918823053906,0.05388778790898824,0.08589224282043811,0.08579193455977664,0.0872643182495332,0.09998020935949128,0.11285154682985028,0.12861097753178316,0.1260167023642652,0.08011239807048322
2011-03,0.13879423646579306,0.05399757836216336,0.0859992847084633,0.08668236901425135,0.08749678549764238,0.09917441418620174,0.1130573562932782,0.12844308263585127,0.1261500076399284,0.08020488519642688
2011-04,0.1383109169034238,0.05395596233806814,0.08598343643177815,0.0867388340667917,0.08741523978363867,0.09908675304000106,0.11308685352401843,0.12821854778223574,0.12702893140339735,0.08017452472664707
2011-05,0.1377695776409444,0.05413138672315762,0.08639926333307459,0.08726758380426543,0.08767953612211221,0.099271989630711,0.11302405817623222,0.12703475428244115,0.1269076521715788,0.0805141981154826
2011-06,0.1374832860099063,0.053970086475107065,0.0864288114166221,0.08695429620554562,0.08855667489118889,0.09914546728467015,0.11310648970126475,0.12717317101498693,0.12674593200239867,0.08043578499830936
2011-07,0.13733992788590604,0.05400326666305671,0.08649287124214149,0.08689532900931213,0.08851717147020223,0.09925214295204358,0.11311139430689833,0.12695949174158755,0.12698064323419583,0.08044776149465628
2011-08,0.1375643293579697,0.0535801904608198,0.08616877165980748,0.08710554402461955,0.08877506383798761,0.09838518754951261,0.1138775867422913,0.1265461607671968,0.12781896715374766,0.08017819844604746
2011-09,0.13854099200974057,0.05319913540613708,0.08583083154941198,0.08582994088201648,0.08902062974017641,0.0982163796318255,0.11410082871044129,0.1267512060178119,0.12870056668088822,0.07980948937155062
2011-10,0.13785792237644262,0.053001111829186875,0.08448621814285198,0.08427306011681525,0.08956631721133065,0.0985832901623049,0.11560951583636277,0.12713487642868462,0.13018267525070815,0.07930501264531215
2011-11,0.13882493928536738,0.05216598733540982,0.0835332689915978,0.08256393558976177,0.08924555753095863,0.0998570654572589,0.11497049394861494,0.12836020966039485,0.13199363775483341,0.07848490444580258
2011-12,0.13866000048894717,0.05181671708646775,0.08355546587950204,0.08336196422412642,0.08912740287188273,0.09974108856079109,0.11494431329941941,0.12815839022101436,0.13221595087043125,0.07841870649741768
2012-01,0.13874431822456335,0.051838229916106926,0.08356542644036422,0.0834836950974272,0.08913815925432435,0.10000328421748171,0.1150240147514554,0.12769436220929772,0.1319273720352659,0.07858113785371328
2012-02,0.13925984792984106,0.05140620780447073,0.08337474747841277,0.0838295203374973,0.08835574973683172,0.10039116314121888,0.11531053849290931,0.12816105645033724,0.13177877904339852,0.07813238958508252
2012-03,0.1390370801229782,0.05134716878430256,0.08328825121265557,0.08352301749150402,0.08797940903433733,0.10013369568116998,0.11521752509417878,0.12881868950410183,0.13267572201600525,0.07797944105876661
2012-04,0.13878367326937485,0.051416460351501186,0.08340403179493251,0.08378158150033624,0.08783066429557991,0.10024846251828831,0.11472911965679645,0.1283524473113636,0.1337121103293942,0.07774144897243278
2012-05,0.13875359984390234,0.05111192150399143,0.08324757800535496,0.08367131862038155,0.0876076506697081,0.0998378883742593,0.11435271314505159,0.1300246455666147,0.13383603196611712,0.07755665230461885
2012-06,0.13881320954936877,0.05111879891171402,0.08283890009796445,0.08287920166145281,0.08691420663462411,0.10149409472363613,0.11440817109693113,0.12982210360152016,0.1343247776787551,0.07738653604403341
2012-07,0.1388718439700564,0.051151783247159785,0.08304974714562104,0.08265222356464685,0.08703411389966431,0.10066912686862241,0.11485065072911776,0.12867508351361687,0.13575138625126718,0.07729404081022737
2012-08,0.13985055744844652,0.05100863655614,0.08262572128937273,0.08217846500181437,0.08662927007913677,0.10012612964720408,0.11567238677749374,0.12911969715253288,0.1356128209328511,0.07717631511500772
2012-09,0.1400656487682758,0.05103208980881792,0.08261977996070748,0.08223446713809988,0.0865374600526021,0.10030285464846878,0.1156891047029155,0.12944729311572936,0.13490793515797062,0.07716336664641257
2012-10,0.14060067146200633,0.050936197756625855,0.08285108439544925,0.08275401177719677,0.08662654124106779,0.0997470601704736,0.11556334078848686,0.12882838483394402,0.13513407168725025,0.07695863588749922
2012-11,0.14011755347205135,0.05073919873892501,0.0827201649039126,0.08264860762097619,0.08639006102108786,0.09956269073532449,0.11526673163668912,0.12833048591233498,0.13739395078558872,0.07683055517310977
2012-12,0.13932849534850578,0.050892824423218776,0.08256328893607852,0.082706394638588,0.08722013313162856,0.10052621620055567,0.11577814167422222,0.12796898765327083,0.13599458618416638,0.07702093180976528
2013-01,0.13868704377979318,0.05066974091149992,0.08235620584195202,0.08337448657192911,0.08709472255315015,0.10038178975288631,0.11594128940641797,0.12883761085627413,0.13579821779845866,0.07685889252763854
2013-02,0.13903333352444708,0.0504410957058503,0.08233146403017455,0.08344364364714196,0.08950912321652582,0.10127929496847703,0.11442539830057447,0.1266381277953359,0.13701918640727062,0.07587933240420221
2013-03,0.13815822636087902,0.05037415538048655,0.08196985643396092,0.08373001033705502,0.08948149583037927,0.10143232248415976,0.11522255679456803,0.12625169635996913,0.13709151827057448,0.07628816174796788
2013-04,0.13773283415658294,0.05068848822304542,0.0823603565590546,0.08430604284353554,0.08988539082131562,0.10141927162219497,0.11531443393416894,0.12566644075932162,0.1360609750405994,0.07656576604018103
2013-05,0.13704232680622688,0.05056633424170951,0.08231852356115633,0.08562375104248622,0.09014613967199414,0.10107860030118661,0.11537744907761871,0.12507102711332788,0.13639378815986308,0.07638206002443056
2013-06,0.137157640453616,0.05048232309210045,0.0826137939741925,0.08608751480841688,0.09067238142130013,0.10162642438003494,0.1157591073688612,0.12554228092638756,0.13366962939165683,0.07638890418343357
2013-07,0.1392735432248382,0.0509488700741055,0.08229076319689763,0.08432627550572155,0.09037234791171299,0.10370292426475565,0.11693726151067063,0.12352787112581201,0.13097743576080895,0.07764270742467677
2013-08,0.13855652215832512,0.05055296752432555,0.0815300761077384,0.08809575676314176,0.08956825254402224,0.10370863373963014,0.11552241183140848,0.12215876862691637,0.1331298573112226,0.07717675339326925
2013-09,0.1375728981724293,0.050825783944662146,0.0819054425376778,0.08850947340157418,0.090116096293083,0.10391112315935633,0.11565031742233661,0.1217773499687688,0.1323372621762961,0.07739425292381577
2013-10,0.13424145074317176,0.04951638643320555,0.08225644765993012,0.08878073748004231,0.0908116530162759,0.10661329564650486,0.1135438288302009,0.11984612651752917,0.1390011333888455,0.07538894028429392
2013-11,0.1378120086601163,0.04984297321391313,0.08310079149282072,0.08696991581877217,0.09137534062261235,0.10742728761224354,0.11529669069594255,0.11647314192877466,0.1377683321107025,0.07393351784410217
2013-12,0.13811032375465948,0.049554863133642366,0.08310448152285208,0.08514751041081968,0.09377364367033438,0.10552446024983,0.11767705420639203,0.11802437633911624,0.13413398182004788,0.07494930489230583
2014-01,0.13769929179187787,0.04943961355634104,0.08284659854436581,0.08513130194587241,0.0933781880669613,0.10515761905506485,0.11778280621394248,0.11929100753390093,0.13456433682011118,0.07470923647156225
2014-02,0.1347971226276095,0.049610690594658786,0.08345483570437597,0.08292879812853411,0.0924507733994145,0.10898671006176328,0.11726484687085618,0.11842434254013563,0.13274480659756208,0.07933707347509002
2014-03,0.13504872790574174,0.04765905836084784,0.08395910995319947,0.08190992998302245,0.0882133811195272,0.10667881863032368,0.11118977351164935,0.1207567120457774,0.1444960511190451,0.08008843737086574
2014-04,0.13515307952830768,0.047250708621399976,0.0833697186275651,0.08079934030102506,0.08948332278017371,0.10669215192251892,0.11320533207755008,0.11993916468430368,0.14236440967723918,0.08174277177991665
2014-05,0.13189572920543613,0.05647233697289536,0.08697174333163386,0.07795910378575742,0.08997326157191433,0.10630742288125591,0.11309909211207395,0.11621486854078486,0.13692552071088626,0.08418092088736183
2014-06,0.13377330252034428,0.0561754145119007,0.08658360398307482,0.07915406637889007,0.08908726832583234,0.1050710235874693,0.11245186779034438,0.11666360703159116,0.1367272249464945,0.08431262092405856
2014-07,0.1336593539066919,0.05609144456021812,0.08683752364446094,0.07976834639376928,0.08920131281831933,0.10491360268472462,0.11253175155517549,0.116674430522347,0.13581091079082802,0.08451132312346543
2014-08,0.1331205860388491,0.05829550882601775,0.08844271528006002,0.07923381930600978,0.09030589820113148,0.10519772788592974,0.11305284099291006,0.11707094999649385,0.12972082912097851,0.08555912435161964
2014-09,0.13188376036794144,0.05848936235131847,0.0885855574585764,0.07960868091636898,0.09049606813518259,0.10566163650179335,0.11309102536730645,0.11645969612733745,0.12868576203095639,0.08703845074321843
2014-10,0.132999277173174,0.057524416426819505,0.0892297056947628,0.07832039282160709,0.09107362574193863,0.10674997337752018,0.1130055334947979,0.11666115085135083,0.12713918616700906,0.08729673825102008
2014-11,0.1328663146849074,0.05736628632014161,0.08956244639921271,0.07750039434509887,0.09108637916280726,0.10836089041093049,0.11268987750300026,0.11689161081973336,0.12533671225976992,0.08833908809439807
2014-12,0.13172021457846747,0.057756771827803775,0.09051396667030366,0.07495710672388309,0.09084014747854537,0.10951611712364243,0.11062237084520332,0.11964084593929042,0.12577439334077264,0.08865806547208796
2015-01,0.13007177593321764,0.057801746777762474,0.09037085736813175,0.07486979975875348,0.09124835230564517,0.1099448713567429,0.11045517889691332,0.1190229385605915,0.1276942678749749,0.08852021116726683
2015-02,0.13022169571107897,0.05707973250532965,0.08952704902041522,0.07441672453482857,0.09286424910842349,0.11130971416953131,0.1101136712042431,0.11832230596072406,0.1301003900017067,0.08604446778371888
2015-03,0.13041442951536322,0.05767728831873886,0.09028661715433622,0.07504097475938767,0.09256479864235129,0.10919788110472017,0.11077994358099605,0.11937259873043336,0.12857549971318313,0.08608996848049001
2015-04,0.1300807301738276,0.05783669802401926,0.09023857676498087,0.07442789288582471,0.09247805794535835,0.10986705025090375,0.11145754404608459,0.11883481012305534,0.1278602190460474,0.08691842073989828
2015-05,0.13062028826480945,0.058128776156906134,0.0902233424640308,0.07393460851423571,0.09249724036037878,0.10978503470774906,0.1106639617287162,0.1191715129058708,0.12806658552901082,0.08690864936829235
2015-06,0.13135227435155314,0.05693218395657686,0.09021111718338447,0.0728305387832965,0.09219132873968112,0.10912835505188757,0.10958860364280927,0.12215813290444325,0.12880307947593655,0.08680438591043124
2015-07,0.12973490671249976,0.05747700874453303,0.09048244833396889,0.07238118309632346,0.09220534599483542,0.10932518618959287,0.11647943129893253,0.12136883499098264,0.12289027858955408,0.0876553760487774
2015-08,0.13037281893634992,0.058502702853472525,0.09159236170757581,0.07026709997131989,0.0921667026192757,0.11230263522061004,0.11428983201490643,0.11914331465851821,0.12404057025539095,0.08732196176258057
2015-09,0.13002994366850884,0.06043217568434558,0.09338502331641556,0.07162570577049965,0.0944756616900326,0.10810413800113412,0.1151380759037158,0.1134083722473921,0.12377458654914462,0.08962631716881106
2015-10,0.12923105994937442,0.06042367905678481,0.0935680491823975,0.07059976316983871,0.09814172382819063,0.10734477631557385,0.12143164211450447,0.10915731664592578,0.12127855641623615,0.08882343332117379
2015-11,0.12904050785419754,0.06179487758051205,0.09280445278023912,0.06952823640945985,0.09713381864225144,0.1058846106055638,0.12254810664219305,0.10855767130348114,0.12342635566914309,0.08928136251295897
2015-12,0.1284338519469355,0.062197025091647075,0.09262119452443651,0.06986476194062616,0.09713652990489857,0.10566869208963109,0.12307990364335052,0.11006133147209264,0.12180950774658517,0.08912720163979676
2016-01,0.12870679930265755,0.062356014660737064,0.09313781820274214,0.06915362044644782,0.09701345106395153,0.10565365992720598,0.12244864820517179,0.1103061336658697,0.12056400067621303,0.09065985384900338
2016-02,0.13284385656202846,0.06144738987607519,0.09339647574358456,0.07112632105816723,0.09699305446278081,0.107876470726619,0.12198304149986415,0.10371669072303709,0.1217580604505773,0.08885863889726633
2016-03,0.13363312891779597,0.06105304712200372,0.09292795716792364,0.07179245882866996,0.09643667989910527,0.11002446292789433,0.12129683648536241,0.10305077546123939,0.12127739877918596,0.08850725441081941
2016-04,0.13474817696204594,0.06099647297599425,0.09306936120868538,0.07084490196948795,0.09578557544916466,0.11029393727020999,0.12181052833517485,0.10463601990539677,0.11901177298943882,0.08880325293440136
2016-05,0.13598903951570987,0.0609641657064895,0.09305206890177657,0.06927198902985414,0.09467141924160766,0.11045775624818928,0.12233751348127689,0.10516980349482911,0.11947414551576226,0.08861209886450472
2016-06,0.13597629528932814,0.061105154968384943,0.09328378140940738,0.06958330714553985,0.09415680302820181,0.11032473175675517,0.12225698532197989,0.10505250070119954,0.11923860796262419,0.08902183241657922
2016-07,0.13551676501617288,0.060921859590389406,0.09373056107056559,0.06985507066155866,0.09472242030002521,0.11080871343143521,0.12314892766105721,0.10596779968425325,0.11621367408182141,0.08911420850272116
2016-08,0.13523129792189306,0.06117723679369531,0.09440548321659395,0.06949272850007648,0.09275192179583944,0.11326341001281005,0.12250688675579134,0.10593125141211798,0.11586482844300003,0.08937495514818226
2016-09,0.13346373551560634,0.06258492385887283,0.09548900822610361,0.07039313632619201,0.09428523832214912,0.11333271528333363,0.12190577969954246,0.10451611726937199,0.11259904978628112,0.09143029571254688
2016-10,0.13202207427845764,0.06353650562548444,0.09982206688411746,0.07103756729729535,0.09278580838933648,0.11353693694801263,0.12014203217454356,0.10285242524204347,0.10925816433471278,0.09500641882599611
2016-11,0.12939727245772248,0.0684833953359374,0.10546318092410394,0.07327335889273476,0.09373331640001104,0.11019058646226318,0.11914218122012711,0.09459886390151294,0.10679184617482884,0.09892599823075836
2016-12,0.12801632150024717,0.07065158092945864,0.10504152076646182,0.07236978015043095,0.09568740913436712,0.109683037792629,0.11994004095743907,0.09598107063331882,0.10747197680976008,0.0951572613258874
2017-01,0.1275455172769347,0.07069496116457476,0.10540064994451698,0.07241499660725113,0.09619743227873204,0.10908132888129318,0.11985496908394347,0.09630281823406758,0.10734733453545037,0.09515999199323585
2017-02,0.12617755873633865,0.07342081237638579,0.10625439004797649,0.07114123423847571,0.09742858537118326,0.10767288121243147,0.11940563402686791,0.09545416223543028,0.10712931954912264,0.09591542220578785
2017-03,0.12615903520121788,0.07392953940991141,0.10601000742186231,0.07179946405815078,0.09827078456505851,0.10844517408359733,0.11936555564857373,0.09371672963846907,0.10635799301817862,0.09594571695498028
2017-04,0.12667733510010235,0.0736436364965536,0.10556913992508854,0.07176631065237328,0.09857958209018641,0.10811569476322795,0.12025195282587534,0.09359567182419239,0.10596785396086143,0.0958328223615387
2017-05,0.12632189603648586,0.07528832174861108,0.1054927304341511,0.07145725640511494,0.09887580738724662,0.10773772370520404,0.11969270136820309,0.09337881943113256,0.10572223702845064,0.09603250645540012
2017-06,0.12449115907757059,0.07565312526349127,0.10929825146511202,0.07217312416389408,0.1013262140879314,0.10480941439185992,0.1186512215664629,0.09205693787690673,0.10318691366811032,0.09835363843866067
2017-07,0.12416210994139946,0.0766877744955579,0.10898587557368193,0.07274262176544195,0.10039807970757304,0.106114655193962,0.11739004343320099,0.09244553242933938,0.10278657620936528,0.09828673125047814
2017-08,0.12407670194228584,0.07664698658559378,0.10898104055337089,0.07287247579990665,0.10026510040867714,0.1055025218556808,0.11736237460952408,0.0924714169922918,0.10302478238058499,0.09879659887208399
2017-09,0.12327359156069617,0.0768909287429401,0.10934511935588055,0.0723439034323961,0.10095173561780145,0.10457383006512201,0.11696179572841742,0.09247667135176636,0.10438309462479987,0.09879932952017993
2017-10,0.12345624309979565,0.07679594575277414,0.10910322009618292,0.07009739782590033,0.10126621962671473,0.10558097588576952,0.11723178345220574,0.09334580695639558,0.10424502142255837,0.09887738588170315
2017-11,0.12409954829262686,0.07743885623752883,0.10905821642227531,0.07009445115069912,0.10339551410342042,0.10307167431006375,0.11728060214017848,0.09309073338501686,0.10375891618872869,0.09871148776946158
2017-12,0.12411122341163319,0.0777546965148632,0.10934400394747126,0.07032089606290738,0.10386117485995662,0.10293664575027195,0.1134050011289658,0.09346610044906814,0.10579867554404176,0.0990015823308206
2018-01,0.1255376612085739,0.07899598789546221,0.10951879447349183,0.0698911353539386,0.10380795448816658,0.10214623409512626,0.11387149125498772,0.09359736370690391,0.10326005730717122,0.09937332021617772
2018-02,0.12757694014053883,0.07905843799280678,0.110801233061883,0.07091962114424012,0.10116624193455141,0.10284463936972883,0.1095179751384331,0.09466481290958045,0.10355241061024681,0.09989768769799072
2018-03,0.12454169435900311,0.07948762561715586,0.11109991513500082,0.06995156101253738,0.10355480351437012,0.10111034427883202,0.10938906203209138,0.09569883056361812,0.10425600910226518,0.100910154385126
2018-04,0.12613571910307916,0.07848902884766212,0.11022283946698928,0.069788289940406,0.10202373991186231,0.10184440258897905,0.1091402398234986,0.09644148345535487,0.10555516871034601,0.10035908815182244
2018-05,0.12497299584926101,0.07905656013137409,0.10900050380731854,0.06815793717885946,0.10231881665324098,0.10253928819818911,0.10920415164386343,0.09685677911942607,0.10715760134488443,0.10073536607358284
2018-06,0.12473299871860519,0.08094210082605068,0.10832031163372528,0.06749677445380745,0.10018581369800278,0.10173635658259661,0.10829695476291315,0.0959006802545118,0.11112307363099488,0.10126493543879227
2018-07,0.12348265327964092,0.08114136912351469,0.10894181105302503,0.0677707554191455,0.10144794280192661,0.09981998650383228,0.10837043263412896,0.09644478804502765,0.11104251759905291,0.10153774354070552
2018-08,0.12226166080066088,0.08269964823871713,0.10861872743719271,0.06755109232320207,0.10149754198731935,0.0990342735621876,0.10881952406531158,0.09693342278286779,0.1111582945698795,0.10142581423266141
2018-09,0.12386145822283487,0.08232042238526364,0.10856474118375513,0.06710507446077331,0.09920129466294239,0.09925836358683157,0.10702354643362993,0.09720875297756301,0.11302263869998946,0.10243370738641669
2018-10,0.12352232538140144,0.08268341811490285,0.10959206846212154,0.06669867695911076,0.0989059316167462,0.0995781620253154,0.10735115046947258,0.09727940164094637,0.11239912348877935,0.10198974184120356
2018-11,0.12895563102710364,0.08456715793144859,0.10471551815296204,0.06626854030308656,0.09556103558795728,0.10407864414176439,0.103920399241611,0.09464503364630214,0.1161195619003568,0.1011684780674076
2018-12,0.12923081063845915,0.08391623506112872,0.10416500860873282,0.06632169725525477,0.09553323059694475,0.10405774200873612,0.10443095718264907,0.09394585047984506,0.1163557601431848,0.10204270802506474
2019-01,0.12087598908631554,0.08410559152036637,0.10493426899789764,0.06757769709305324,0.09700062925740721,0.10529032419738542,0.10408981391691294,0.0953573488017031,0.12058182955218273,0.10018650757677589
2019-02,0.12243381663436202,0.0823337300884222,0.10323358796008814,0.06760852563713221,0.09576444606730955,0.10673287319340113,0.10599072302830037,0.09608069601267069,0.12080544448911874,0.09901615688919503
2019-03,0.12259174525482029,0.08339815592667159,0.10288262899792476,0.06774369571209023,0.09513667961413454,0.10611552491192476,0.10666265020333687,0.09677667548154321,0.120035683061275,0.0986565608362788
2019-04,0.12251851772668142,0.08270804121951256,0.10286692228404937,0.06786291126105272,0.0951693095469029,0.10626794454510105,0.10663579577398843,0.09747144257678346,0.11991650014660402,0.09858261491932406
2019-05,0.1225715576524119,0.08279737605854166,0.10273767760962134,0.06875439189349362,0.09502561745309497,0.1050055416029927,0.1066443905389731,0.09717281459091656,0.12147553299869936,0.09781509960125476
2019-06,0.122739942562276,0.080569114997961,0.10008994315615899,0.06831737987007089,0.09337152223227654,0.10766538698268553,0.10617861876306807,0.0988704199869013,0.12424034051130581,0.09795733093729586
2019-07,0.12307724884993883,0.07816101683576279,0.09825815269885928,0.06842264649024529,0.093209511942356,0.10822705922817408,0.10577548866865485,0.09899377166005138,0.12769614537998386,0.09817895824597368
2019-08,0.12415807146256183,0.07798611204109966,0.09846317547855574,0.0678479462547386,0.09218766484976149,0.10707892368408227,0.10536622597499519,0.09768118790702739,0.13152813599357085,0.09770255635360701
2019-09,0.12563571468920184,0.07769433773262628,0.09859458795099962,0.06671884963645897,0.09156632680220565,0.1067029291269938,0.10578219178980035,0.09827829079058797,0.13263877497223825,0.09638799650888737
2019-10,0.12498409920470202,0.0793222445231139,0.09825391549067583,0.06701657035605141,0.0914642203668913,0.10651266902362445,0.10569269446955629,0.09775559139754128,0.13288667451366454,0.09611132065417899
2019-11,0.1248651797673179,0.0781467449732921,0.09793622518027198,0.06692398456661376,0.09095049912857907,0.10596492578215173,0.1053803057468652,0.09789377272382216,0.13615792638026644,0.09578043575081974
2019-12,0.12604225034904507,0.07818101835777967,0.09749834299683627,0.06811553041341141,0.09045849240140966,0.10568518327137985,0.10756418084853485,0.09673743124577844,0.13482385765247054,0.09489371246335422
2020-01,0.1263881523348955,0.07775201893065316,0.09773483151696229,0.06763626721000324,0.09071864680523518,0.10639641310771317,0.1078051077265779,0.09675288027773699,0.13380217887489354,0.09501350321532902
2020-02,0.12635272972926687,0.07753417329421655,0.09808245394148907,0.06575598741814451,0.09152171415806945,0.10755367338941599,0.10788808219444768,0.09635944394931269,0.13173543020603684,0.09721631171960037
2020-03,0.12353226222950477,0.0796267813410976,0.09808580278706586,0.06475768536150976,0.0930660948067059,0.11187838541212411,0.1085660444432676,0.09787808432696964,0.12615130227399554,0.09645755701775917
2020-04,0.12540748173570418,0.0762170622066369,0.09552184198897642,0.05894085324656007,0.09804327925543366,0.11145020288026462,0.11457730831473723,0.10610335562022992,0.12252109857593896,0.09121751617551792
2020-05,0.12901054780618523,0.07123187121766716,0.09787290337698062,0.05522822534170938,0.09760720241720487,0.11480050775310226,0.10664648786191573,0.10558341881271242,0.12861048078246584,0.09340835463005649
2020-06,0.12929148158363904,0.07109082193569524,0.09754858007572224,0.05566625365518646,0.09696236374680887,0.11449550860639399,0.10677193739440899,0.10645245899077203,0.12818571622554176,0.0935348777858314
2020-07,0.12982215512388562,0.06915186467489624,0.09786522731208533,0.05584665695867152,0.0975037205258044,0.11426452757376951,0.10667942482492343,0.10646974955825758,0.12865913066431459,0.0937375427833918
2020-08,0.13047539762242782,0.06661623614848217,0.09866903823669501,0.05675851597795528,0.0976791745325429,0.11445149214041637,0.1056413820892782,0.10733140024057833,0.12790920540561346,0.09446815760601054
2020-09,0.131264383931697,0.055421407317599744,0.09943353496407449,0.05696564674752744,0.097447237744129,0.11788422157354826,0.1059240669642431,0.11129589469620688,0.12924606999138438,0.09511753606958977
2020-10,0.1308369241035218,0.054907511807061764,0.10035049574891865,0.055847093585336835,0.0961754873198151,0.11807956405987342,0.105295494802175,0.11406288448907337,0.129290378790219,0.09515416529400529
2020-11,0.13176254771593043,0.05434730723765434,0.10167037776288539,0.056152582013073465,0.09683042719925909,0.119605456785971,0.10400082035337949,0.11363254476076508,0.12708334402878715,0.09491459214229465
2020-12,0.13101736174634365,0.05170924276566199,0.10052438323205866,0.05398906840961435,0.09881586431118469,0.11521315201402052,0.10689228258437163,0.11484461109059275,0.13397522883914714,0.09301880500700463
2021-01,0.12983557630665296,0.05120444201108426,0.10099985995467678,0.054310398526907444,0.09924232950454291,0.1152151136907558,0.10705385985727141,0.1143142153339296,0.13488603781924408,0.09293816699493473
2021-02,0.12675286889534704,0.051238945757937755,0.10095963451561499,0.05363238910731256,0.10003692473431532,0.11286875185200429,0.10710306611410012,0.11914220228287593,0.13426559532162144,0.09399962141887053
2021-03,0.12773141990443895,0.051136302291192946,0.10130719438323982,0.05158033921820019,0.10112770642754718,0.11327592493955989,0.10762877573714691,0.12001971673854761,0.1332091426843095,0.09298347767581688
2021-04,0.12621721631793395,0.05145280749801905,0.10110838811332193,0.052101737462745434,0.10252351893997223,0.11464458560541409,0.10769634373305371,0.12045562647863213,0.13024775995901222,0.09355201589189534
2021-05,0.12588726826054947,0.0514872656403344,0.10118273073997743,0.052495071156788614,0.10341529154019516,0.11453182796442819,0.10681921793273479,0.12117182021156529,0.12981762218467943,0.0931918843687472
2021-06,0.12594181885641084,0.05133772564150029,0.10136604633559043,0.0524086223077346,0.10349268453149993,0.11459785932093255,0.10641429622089559,0.12131437729202874,0.12985735925904068,0.09326921023436643
2021-07,0.12639543199864212,0.05140062175870751,0.10081389662135255,0.05212079844786275,0.10296619175625837,0.11445731797317195,0.10599492229256008,0.12039549069998866,0.13230583808026627,0.09314949037118969
2021-08,0.12615929833853243,0.051389062940027236,0.10084909880842685,0.051690931115985134,0.10365973946597212,0.11429698489876369,0.10589273937419767,0.1213861928214555,0.13170113907034556,0.09297481316629373
2021-09,0.12582464567917223,0.051255438057833766,0.10052516395343916,0.05153187095187009,0.10316092440453027,0.11475195546444802,0.10589125995039464,0.12197364681918754,0.1323445317850762,0.09274056293404814
2021-10,0.12648706681089206,0.05205915243124003,0.10038394892216104,0.05178450035461653,0.10218725527806927,0.11435774473473771,0.1062054227483423,0.12072929242705606,0.13198900867793895,0.09381660761494601
2021-11,0.12614271003326155,0.04920611265345348,0.10059434465982273,0.051524640349365616,0.10159680583360062,0.11405882576309846,0.10721364755831651,0.12536730607884336,0.13098996238668725,0.0933056446835504
2021-12,0.12615973732320557,0.04927681440237565,0.10128104950684343,0.05172818059403296,0.10166830468459115,0.11275416985738923,0.10747600925308763,0.12361924641037648,0.13130332451280932,0.0947331634552886
2022-01,0.12440521328365493,0.04948041582832408,0.1015157174278997,0.05215713888374973,0.10260177404279429,0.11405583877276682,0.10856613880676144,0.12306280148993204,0.12888255476426097,0.09527240669985601
2022-02,0.1265025776957458,0.04968742082688627,0.10180785445142575,0.051957843804608786,0.1009064455464697,0.116100894434307,0.10631454783972298,0.11979764188580387,0.13054536498087596,0.09637940853415383
2022-03,0.1268947993031404,0.04932081047635972,0.10185290885332447,0.05174001152362776,0.09977197109631217,0.1160374836967948,0.10596793062984514,0.12130055081165314,0.13085201474818287,0.09626151886075969
2022-04,0.12776631537283853,0.04915616271373112,0.1025792018133924,0.051806010972986524,0.10040704866541904,0.11644567441115378,0.10663704600946848,0.12129479544472699,0.12678060403536714,0.09712714056091613
2022-05,0.13083416157288083,0.04907617775019033,0.10392129113416133,0.0531546641842785,0.09712887886404006,0.11410094254098191,0.10507620827246991,0.12112655737403838,0.1287481358950449,0.09683298241191371
2022-06,0.13166381217908754,0.04893088742925162,0.10444038247584327,0.052709783819948064,0.097445457664456,0.11211478341694316,0.1047317854962789,0.12186922473982581,0.12868018699892392,0.09741369577944181
2022-07,0.13279753259155408,0.049104451393611165,0.102954690116399,0.05232816701372542,0.09703135542199426,0.11239044498699476,0.1042999140265647,0.12455809470876217,0.12813207812929886,0.09640327161109552
2022-08,0.13389628891447863,0.047919650655098824,0.10283521809877445,0.052745544337620284,0.09608586028594363,0.11493478831458269,0.10066124737116557,0.1261267796397678,0.12853745842597664,0.09625716395659166
2022-09,0.13437900491171242,0.047916446034451034,0.10270238089389441,0.05309682281339113,0.09538627704017565,0.1152756783546695,0.10074566136485996,0.12500418144986492,0.12909519243632903,0.0963983547006522
2022-10,0.13376717017155954,0.049189413301256465,0.10211641102656223,0.054661165680528916,0.09472785630885804,0.11166500050884089,0.10182912436378685,0.12861760865326155,0.1255351038226147,0.09789114616273087
2022-11,0.13124105466689356,0.04984141542161585,0.10071257573389936,0.05378480463540769,0.09678611697182572,0.11121255766617764,0.10345837210950448,0.12814810793668863,0.1276797330845414,0.09713526177344566
2022-12,0.13125633816790336,0.04976415188466118,0.09970314707227336,0.054014220461557606,0.09684654292985144,0.11200001895480854,0.10485121440162344,0.12783385023800725,0.1265360063605884,0.09719450952872533
2023-01,0.13179845523812497,0.04775573055237707,0.10028315006547207,0.05434781542359285,0.09585345932676038,0.11182464999712231,0.10358753629074269,0.12851841273648723,0.12890140704738973,0.09712938332193062
2023-02,0.13269973828909548,0.04632497925186751,0.10056808048357607,0.05469703482391922,0.09592384411720996,0.10747548906695611,0.1040909974991505,0.13069551344311656,0.1301713610150443,0.09735296201006416
2023-03,0.13447976359063424,0.04620851068278554,0.10071889883763101,0.054871836705701386,0.0957023728463961,0.10745711380395603,0.10380861537240794,0.1300361762236477,0.12944391439748032,0.09727279753935979
2023-04,0.1344165800983938,0.04637529699250655,0.10102619871573473,0.05492093868414335,0.0945866585425855,0.10778539324993502,0.10409280791784821,0.13052449655476925,0.1293562618642791,0.09691536737980448
2023-05,0.1351810136928121,0.04566581950533144,0.1013162570152708,0.0551443695936249,0.09452565066809011,0.10788603339800425,0.1041534975373401,0.12992680518829358,0.12939196078432744,0.09680859261690532
2023-06,0.13449938496016628,0.04584239397667344,0.10142520781444189,0.055269886204019986,0.09503668451885637,0.10638275038187688,0.10516467570597704,0.13029885269074132,0.1285800001313916,0.0975001636158552
2023-07,0.13564975536196136,0.04507577757822045,0.09983803202695227,0.055441873506189635,0.09524136677776662,0.10746523829690982,0.10462789333957073,0.1302656913400881,0.12924427982072478,0.09715009195161622
2023-08,0.13559995131070646,0.04505217716306908,0.10000532857134634,0.05522794057356257,0.09501395842085143,0.10748746232375289,0.1045618008465892,0.1313384927860881,0.128926746306168,0.096786141697866
2023-09,0.13479710136274312,0.04499984841652155,0.09986913499571434,0.05532563807833677,0.09546053916677623,0.10775518371842435,0.10581296101885446,0.13209452239336192,0.1273368686294361,0.09654820221983128
2023-10,0.1344441756518259,0.04538825648364658,0.09933402040709231,0.05577352605952922,0.09520626667644498,0.10839044646721689,0.10554933970502178,0.13183606683262514,0.1269976495871428,0.09708025212945447
2023-11,0.13231632026875623,0.044201620739943916,0.10058088326301666,0.05569318424694101,0.09614378847896272,0.10739272337266233,0.10704053678979646,0.13373131678164366,0.12582792621590264,0.09707169984237443
2023-12,0.1324116895495612,0.044252573880562196,0.10037362142699134,0.05617229241459189,0.09506145423222638,0.10716728364910381,0.10698331108294293,0.1351866847512391,0.12625808298527746,0.0961330060275037
2024-01,0.13678410621059203,0.043662579361491205,0.09967604567015205,0.05577211545795736,0.09477649085232007,0.1069009008541456,0.10688901754085213,0.13457779333365882,0.12474217366448506,0.09621877705434574
2024-02,0.13772348636845955,0.042624496719345255,0.1003824961440603,0.055584457017087044,0.09499271632111703,0.10621251871607472,0.10735834374611278,0.13412722404030505,0.12409061406966669,0.09690364685777167
2024-03,0.13802898098655497,0.042694921610677034,0.10060562836301037,0.055716096445759956,0.09513869861104499,0.10643505298012874,0.10576814582840102,0.13400263341473456,0.12464791735129792,0.09696192440839041
2024-04,0.13854019436853862,0.04276555986650259,0.10062172871523695,0.055531955764143645,0.09539878378904408,0.10643520163599593,0.10604986736763454,0.1341911622142418,0.12340472743359525,0.09706081884506665
2024-05,0.13914950518861488,0.04288581981818198,0.10059871705812164,0.05570354131626388,0.0952776495884889,0.10647649108987994,0.10572936866210196,0.1330468133498042,0.12377919585111878,0.09735289807742403
2024-06,0.1404218398163156,0.04290986207741068,0.10214648961681662,0.05595879271546983,0.09585155284811449,0.10550995744878419,0.10627196937025839,0.1326616483278221,0.1207194672735593,0.09754842050544893
2024-07,0.14031772314188784,0.04284062088362066,0.10299356182989364,0.055780850240210775,0.09540656340964059,0.10557407338785921,0.10648154349973081,0.133574334640291,0.11943141491516508,0.09759931405170036
2024-08,0.1396817202037375,0.04283047984950957,0.10314600071016239,0.056020929164747095,0.09547450592714539,0.10560482914983874,0.10678173501065348,0.1345020932750871,0.11862356561645489,0.09733414109266388
2024-09,0.13930202912647546,0.042845071093320225,0.10339172285426186,0.05640076126731023,0.09594050807172252,0.10563899330023536,0.10688791714166568,0.13312026995138618,0.11841564646934678,0.09805708072427563
2024-10,0.1396132649748847,0.04268327437391585,0.10370726343560856,0.0564092464211405,0.09608656217956688,0.10505964836037912,0.10691574905201384,0.13310732949133997,0.11819710579647329,0.09822055591467731
2024-11,0.1391711394831865,0.04270949641018165,0.10323302740269881,0.056529143192236765,0.09616575899977022,0.10519103584461004,0.10691035539066138,0.13309971746565316,0.11855267246858195,0.0984376533424195
2024-12,0.14023199086546242,0.04177110362354333,0.103340304832364,0.05681962477605993,0.09686078912351773,0.10394943840047303,0.10562901759042673,0.13506953828850166,0.1186334404470346,0.09769475205261656
2025-01,0.14036788627566293,0.04214674813816188,0.10260686989821205,0.057067176474507646,0.09801908269022486,0.10343248396305353,0.10652108157584406,0.13489731662041868,0.11756920255697718,0.0973721518069372
2025-02,0.14055273559436351,0.042186020853051204,0.10282726313830969,0.0578933580158262,0.09810858356066275,0.10362912996057255,0.10588852603754369,0.13373947312382498,0.11811259777175577,0.09706231194408983
2025-03,0.1423412787346539,0.040608394796165334,0.10323609237622822,0.058271299992306236,0.09744872477287447,0.10103250216494582,0.1052270574987564,0.13329638483970213,0.12051497625274508,0.09802328857162236
2025-04,0.14495849652474724,0.03937547400627088,0.10615730904358467,0.06241917592142958,0.09299896840594082,0.10062143120575444,0.10037652330324896,0.1273610035149708,0.12308653658917314,0.10264508148487958
2025-05,0.14335882277241388,0.03875540099343182,0.1049191712834559,0.06435996769468574,0.09333425449947988,0.09822509135043839,0.1047140445340166,0.13161575617246285,0.1192572050056411,0.10146028569397386
2025-06,0.14399077172465272,0.038447498546334787,0.10475081734872448,0.06447116750963808,0.09248560873931974,0.09856437388313229,0.10461434994376342,0.13124246011782514,0.11976840653407876,0.10166454565253047
2025-07,0.1437299939584846,0.038484370201717695,0.1045086352890803,0.0643787813601552,0.09158947839683242,0.09846095767420104,0.10477933424784604,0.1312605747879766,0.12142288975341237,0.10138498433029379
2025-08,0.144370003274429,0.03859991971594796,0.10412281747339441,0.06426721261438373,0.09118516133678092,0.09794428641770611,0.10619838856862722,0.1310040127999775,0.12166891186535526,0.10063928593339791
2025-09,0.14396664491712272,0.04084534917671067,0.10412546901904386,0.06381446353162025,0.092173101960168,0.09757928686391969,0.10701051809569838,0.129127202075273,0.12091403150831413,0.10044393285212931
2025-10,0.14310126526588343,0.04000413653260133,0.10382398569733564,0.06589390038535581,0.0923574796307936,0.0974252904368683,0.10740857583923476,0.12895414602559901,0.12032723233607197,0.10070398785025624
2025-11,0.14256656379063645,0.04002150802705186,0.10373252837300444,0.06613162842687874,0.0922376371399294,0.09679448413383462,0.10777840190242667,0.12964587607267727,0.12072183849721978,0.10036953363634063
2025-12,0.14353750975563467,0.040513029055511005,0.10580002430826144,0.07013196745259946,0.09053912836026914,0.09898344998915184,0.10605001416694657,0.12423405682507507,0.11671268228903639,0.10349813779751445
