strategy,month,industry,weight,variance_contribution
Shops only,2025-12,NoDur,0.0,0.0
Shops only,2025-12,Durbl,0.0,0.0
Shops only,2025-12,Manuf,0.0,0.0
Shops only,2025-12,Enrgy,0.0,0.0
Shops only,2025-12,HiTec,0.0,0.0
Shops only,2025-12,Telcm,0.0,0.0
Shops only,2025-12,Shops,1.0,1.0
Shops only,2025-12,Hlth,0.0,0.0
Shops only,2025-12,Utils,0.0,0.0
Shops only,2025-12,Other,0.0,0.0
Equal weight,2025-12,NoDur,0.1,0.05790576711212358
Equal weight,2025-12,Durbl,0.1,0.20008784900403068
Equal weight,2025-12,Manuf,0.1,0.10782481442635564
Equal weight,2025-12,Enrgy,0.1,0.08681311322777663
Equal weight,2025-12,HiTec,0.1,0.1088467821374978
Equal weight,2025-12,Telcm,0.1,0.0895833410603746
Equal weight,2025-12,Shops,0.1,0.10233837702608947
Equal weight,2025-12,Hlth,0.1,0.061419489574478334
Equal weight,2025-12,Utils,0.1,0.07470473137761172
Equal weight,2025-12,Other,0.1,0.11047573505366168
Inverse volatility,2025-12,NoDur,0.14353750975563467,0.10181482145250775
Inverse volatility,2025-12,Durbl,0.040513029055511005,0.06810998149128
Inverse volatility,2025-12,Manuf,0.10580002430826144,0.12681186475625542
Inverse volatility,2025-12,Enrgy,0.07013196745259946,0.06585522167063922
Inverse volatility,2025-12,HiTec,0.09053912836026914,0.10136600074571878
Inverse volatility,2025-12,Telcm,0.09898344998915184,0.10202878756648552
Inverse volatility,2025-12,Shops,0.10605001416694657,0.11439489983739498
Inverse volatility,2025-12,Hlth,0.12423405682507507,0.09250921168506115
Inverse volatility,2025-12,Utils,0.11671268228903639,0.10173552994112008
Inverse volatility,2025-12,Other,0.10349813779751445,0.12537368085353717
