window,strategy,start,end,cumulative_return
2008 crisis,Shops only,2008-01,2009-03,-0.23184166175470544
2008 crisis,Equal weight,2008-01,2009-03,-0.4133855455859463
2008 crisis,Inverse volatility,2008-01,2009-03,-0.39669224749261967
COVID onset,Shops only,2020-02,2020-03,-0.14098447999999997
COVID onset,Equal weight,2020-02,2020-03,-0.22529701260352009
COVID onset,Inverse volatility,2020-02,2020-03,-0.21438352537553007
2022,Shops only,2022-01,2022-12,-0.24473742179907088
2022,Equal weight,2022-01,2022-12,-0.12612903304635503
2022,Inverse volatility,2022-01,2022-12,-0.12045770121475663
