strategy,cost_bps,cagr,annual_vol,max_drawdown,worst_month,historical_var95,historical_es95,annual_traded_fraction,forecast_var_breach_rate
Shops only,0,0.1207857104810941,0.15544872319687966,-0.38018602317925254,-0.15080000000000005,0.07610000000000006,0.08861538461538462,0.047619047619047616,0.05952380952380952
Equal weight,0,0.1064638525776791,0.15113942610715195,-0.48061963671950947,-0.17525999999999997,0.07231999999999994,0.09588307692307693,0.34288890453659737,0.05555555555555555
Inverse volatility,0,0.10282775444547632,0.14158742179499084,-0.46378736294114664,-0.16655657977967875,0.06433724559837162,0.09142030731218073,0.33962318003341174,0.05555555555555555
Shops only,10,0.120732314301782,0.15545521807649584,-0.38018602317925243,-0.15080000000000005,0.07610000000000006,0.08861538461538462,0.047619047619047616,0.05952380952380952
Equal weight,10,0.10608449202092873,0.15114164588536913,-0.4808768144558142,-0.17528960950015426,0.07233982016204077,0.09590888849684065,0.34288890453659737,0.05555555555555555
Inverse volatility,10,0.10245324098700936,0.14159213696870396,-0.4640209398670463,-0.16657490105390005,0.06436301888484564,0.09144413294804005,0.33962318003341174,0.05555555555555555
Shops only,25,0.12065212451037599,0.1554655224302765,-0.38018602317925254,-0.15080000000000005,0.07610000000000006,0.08861538461538462,0.047619047619047616,0.05952380952380952
Equal weight,25,0.10551557713183146,0.15114553700788533,-0.4812623597785588,-0.17533402375038565,0.07236955040510207,0.09594760585748621,0.34288890453659737,0.05555555555555555
Inverse volatility,25,0.10189159220495436,0.14159981311989955,-0.4643711279656991,-0.166602382965232,0.0644016788145565,0.09147987140182907,0.33962318003341174,0.05555555555555555
